ForecastPeriod,ForecastPeriod.EqualityContract,ForecastPeriod.Time,ForecastPeriod.TemperatureC,ForecastPeriod.RelativeHumidity,ForecastPeriod.DewPointC,ForecastPeriod.PrecipitationMm,ForecastPeriod.SnowfallCm,ForecastPeriod.WindSpeedKmh,ForecastPeriod.WindDirectionDeg,ForecastPeriod.WindGustsKmh,ForecastPeriod.SolarRadiationWm2,ForecastPeriod.EvapotranspirationMm,ForecastPeriod.PressureHpa,ForecastPeriod.LocalTime
"ForecastPeriod { Time = 11/23/2025 12:00:00 AM, TemperatureC = -5, RelativeHumidity = 93, DewPointC = -6, PrecipitationMm = 0, SnowfallCm = 0, WindSpeedKmh = 2.2, WindDirectionDeg = 9, WindGustsKmh = 6.8, SolarRadiationWm2 = 0, EvapotranspirationMm = 0, PressureHpa = 1025.4, LocalTime = 11/23/2025 1:00:00 AM }",LEG.MeteoSwiss.Client.Forecast.ForecastPeriod,"11/23/2025 12:00:00 AM",-5,93,-6,0,0,2.2,9,6.8,0,0,1025.4,"11/23/2025 1:00:00 AM"
"ForecastPeriod { Time = 11/23/2025 1:00:00 AM, TemperatureC = -5.6, RelativeHumidity = 95, DewPointC = -6.3, PrecipitationMm = 0, SnowfallCm = 0, WindSpeedKmh = 0.4, WindDirectionDeg = 180, WindGustsKmh = 2.5, SolarRadiationWm2 = 0, EvapotranspirationMm = 0, PressureHpa = 1025.5, LocalTime = 11/23/2025 2:00:00 AM }",LEG.MeteoSwiss.Client.Forecast.ForecastPeriod,"11/23/2025 1:00:00 AM",-5.6,95,-6.3,0,0,0.4,180,2.5,0,0,1025.5,"11/23/2025 2:00:00 AM"
"ForecastPeriod { Time = 11/23/2025 2:00:00 AM, TemperatureC = -5.7, RelativeHumidity = 93, DewPointC = -6.6, PrecipitationMm = 0, SnowfallCm = 0, WindSpeedKmh = 4, WindDirectionDeg = 350, WindGustsKmh = 5.8, SolarRadiationWm2 = 0, EvapotranspirationMm = 0, PressureHpa = 1024.9, LocalTime = 11/23/2025 3:00:00 AM }",LEG.MeteoSwiss.Client.Forecast.ForecastPeriod,"11/23/2025 2:00:00 AM",-5.7,93,-6.6,0,0,4,350,5.8,0,0,1024.9,"11/23/2025 3:00:00 AM"
"ForecastPeriod { Time = 11/23/2025 3:00:00 AM, TemperatureC = -5.9, RelativeHumidity = 94, DewPointC = -6.7, PrecipitationMm = 0, SnowfallCm = 0, WindSpeedKmh = 4.2, WindDirectionDeg = 329, WindGustsKmh = 8.3, SolarRadiationWm2 = 0, EvapotranspirationMm = 0, PressureHpa = 1024.7, LocalTime = 11/23/2025 4:00:00 AM }",LEG.MeteoSwiss.Client.Forecast.ForecastPeriod,"11/23/2025 3:00:00 AM",-5.9,94,-6.7,0,0,4.2,329,8.3,0,0,1024.7,"11/23/2025 4:00:00 AM"
"ForecastPeriod { Time = 11/23/2025 4:00:00 AM, TemperatureC = -6.1, RelativeHumidity = 95, DewPointC = -6.8, PrecipitationMm = 0, SnowfallCm = 0, WindSpeedKmh = 1.8, WindDirectionDeg = 53, WindGustsKmh = 8.6, SolarRadiationWm2 = 0, EvapotranspirationMm = 0, PressureHpa = 1024, LocalTime = 11/23/2025 5:00:00 AM }",LEG.MeteoSwiss.Client.Forecast.ForecastPeriod,"11/23/2025 4:00:00 AM",-6.1,95,-6.8,0,0,1.8,53,8.6,0,0,1024,"11/23/2025 5:00:00 AM"
"ForecastPeriod { Time = 11/23/2025 5:00:00 AM, TemperatureC = -6.2, RelativeHumidity = 93, DewPointC = -7.1, PrecipitationMm = 0, SnowfallCm = 0, WindSpeedKmh = 2.3, WindDirectionDeg = 342, WindGustsKmh = 2.5, SolarRadiationWm2 = 0, EvapotranspirationMm = 0, PressureHpa = 1023.1, LocalTime = 11/23/2025 6:00:00 AM }",LEG.MeteoSwiss.Client.Forecast.ForecastPeriod,"11/23/2025 5:00:00 AM",-6.2,93,-7.1,0,0,2.3,342,2.5,0,0,1023.1,"11/23/2025 6:00:00 AM"
"ForecastPeriod { Time = 11/23/2025 6:00:00 AM, TemperatureC = -6.6, RelativeHumidity = 91, DewPointC = -7.8, PrecipitationMm = 0, SnowfallCm = 0, WindSpeedKmh = 2.9, WindDirectionDeg = 360, WindGustsKmh = 6.1, SolarRadiationWm2 = 0, EvapotranspirationMm = 0, PressureHpa = 1022.6, LocalTime = 11/23/2025 7:00:00 AM }",LEG.MeteoSwiss.Client.Forecast.ForecastPeriod,"11/23/2025 6:00:00 AM",-6.6,91,-7.8,0,0,2.9,360,6.1,0,0,1022.6,"11/23/2025 7:00:00 AM"
"ForecastPeriod { Time = 11/23/2025 7:00:00 AM, TemperatureC = -6.2, RelativeHumidity = 89, DewPointC = -7.7, PrecipitationMm = 0, SnowfallCm = 0, WindSpeedKmh = 3, WindDirectionDeg = 14, WindGustsKmh = 5, SolarRadiationWm2 = 0, EvapotranspirationMm = 0, PressureHpa = 1022.9, LocalTime = 11/23/2025 8:00:00 AM }",LEG.MeteoSwiss.Client.Forecast.ForecastPeriod,"11/23/2025 7:00:00 AM",-6.2,89,-7.7,0,0,3,14,5,0,0,1022.9,"11/23/2025 8:00:00 AM"
"ForecastPeriod { Time = 11/23/2025 8:00:00 AM, TemperatureC = -6.3, RelativeHumidity = 93, DewPointC = -7.3, PrecipitationMm = 0, SnowfallCm = 0, WindSpeedKmh = 2.8, WindDirectionDeg = 50, WindGustsKmh = 4.7, SolarRadiationWm2 = 2, EvapotranspirationMm = 0, PressureHpa = 1022.1, LocalTime = 11/23/2025 9:00:00 AM }",LEG.MeteoSwiss.Client.Forecast.ForecastPeriod,"11/23/2025 8:00:00 AM",-6.3,93,-7.3,0,0,2.8,50,4.7,2,0,1022.1,"11/23/2025 9:00:00 AM"
"ForecastPeriod { Time = 11/23/2025 9:00:00 AM, TemperatureC = -5.7, RelativeHumidity = 92, DewPointC = -6.8, PrecipitationMm = 0, SnowfallCm = 0, WindSpeedKmh = 2.3, WindDirectionDeg = 51, WindGustsKmh = 4.3, SolarRadiationWm2 = 66.5, EvapotranspirationMm = 0, PressureHpa = 1021.7, LocalTime = 11/23/2025 10:00:00 AM }",LEG.MeteoSwiss.Client.Forecast.ForecastPeriod,"11/23/2025 9:00:00 AM",-5.7,92,-6.8,0,0,2.3,51,4.3,66.5,0,1021.7,"11/23/2025 10:00:00 AM"
"ForecastPeriod { Time = 11/23/2025 10:00:00 AM, TemperatureC = -4.7, RelativeHumidity = 95, DewPointC = -5.4, PrecipitationMm = 0, SnowfallCm = 0, WindSpeedKmh = 2.6, WindDirectionDeg = 74, WindGustsKmh = 4.7, SolarRadiationWm2 = 153.8, EvapotranspirationMm = 0, PressureHpa = 1021.7, LocalTime = 11/23/2025 11:00:00 AM }",LEG.MeteoSwiss.Client.Forecast.ForecastPeriod,"11/23/2025 10:00:00 AM",-4.7,95,-5.4,0,0,2.6,74,4.7,153.8,0,1021.7,"11/23/2025 11:00:00 AM"
"ForecastPeriod { Time = 11/23/2025 11:00:00 AM, TemperatureC = -3.5, RelativeHumidity = 89, DewPointC = -5, PrecipitationMm = 0, SnowfallCm = 0, WindSpeedKmh = 4.8, WindDirectionDeg = 117, WindGustsKmh = 9, SolarRadiationWm2 = 148.2, EvapotranspirationMm = 0, PressureHpa = 1020.2, LocalTime = 11/23/2025 12:00:00 PM }",LEG.MeteoSwiss.Client.Forecast.ForecastPeriod,"11/23/2025 11:00:00 AM",-3.5,89,-5,0,0,4.8,117,9,148.2,0,1020.2,"11/23/2025 12:00:00 PM"
"ForecastPeriod { Time = 11/23/2025 12:00:00 PM, TemperatureC = -1.7, RelativeHumidity = 79, DewPointC = -4.9, PrecipitationMm = 0, SnowfallCm = 0, WindSpeedKmh = 3.9, WindDirectionDeg = 124, WindGustsKmh = 11.9, SolarRadiationWm2 = 242.8, EvapotranspirationMm = 0, PressureHpa = 1018.6, LocalTime = 11/23/2025 1:00:00 PM }",LEG.MeteoSwiss.Client.Forecast.ForecastPeriod,"11/23/2025 12:00:00 PM",-1.7,79,-4.9,0,0,3.9,124,11.9,242.8,0,1018.6,"11/23/2025 1:00:00 PM"
"ForecastPeriod { Time = 11/23/2025 1:00:00 PM, TemperatureC = -0.3, RelativeHumidity = 72, DewPointC = -4.8, PrecipitationMm = 0, SnowfallCm = 0, WindSpeedKmh = 1.5, WindDirectionDeg = 104, WindGustsKmh = 7.9, SolarRadiationWm2 = 281.5, EvapotranspirationMm = 0, PressureHpa = 1017.4, LocalTime = 11/23/2025 2:00:00 PM }",LEG.MeteoSwiss.Client.Forecast.ForecastPeriod,"11/23/2025 1:00:00 PM",-0.3,72,-4.8,0,0,1.5,104,7.9,281.5,0,1017.4,"11/23/2025 2:00:00 PM"
"ForecastPeriod { Time = 11/23/2025 2:00:00 PM, TemperatureC = 0.6, RelativeHumidity = 65, DewPointC = -5.3, PrecipitationMm = 0, SnowfallCm = 0, WindSpeedKmh = 4.9, WindDirectionDeg = 126, WindGustsKmh = 8.6, SolarRadiationWm2 = 182, EvapotranspirationMm = 0, PressureHpa = 1016.2, LocalTime = 11/23/2025 3:00:00 PM }",LEG.MeteoSwiss.Client.Forecast.ForecastPeriod,"11/23/2025 2:00:00 PM",0.6,65,-5.3,0,0,4.9,126,8.6,182,0,1016.2,"11/23/2025 3:00:00 PM"
"ForecastPeriod { Time = 11/23/2025 3:00:00 PM, TemperatureC = 1, RelativeHumidity = 63, DewPointC = -5.3, PrecipitationMm = 0, SnowfallCm = 0, WindSpeedKmh = 7.9, WindDirectionDeg = 133, WindGustsKmh = 16.2, SolarRadiationWm2 = 115.8, EvapotranspirationMm = 0, PressureHpa = 1014.5, LocalTime = 11/23/2025 4:00:00 PM }",LEG.MeteoSwiss.Client.Forecast.ForecastPeriod,"11/23/2025 3:00:00 PM",1,63,-5.3,0,0,7.9,133,16.2,115.8,0,1014.5,"11/23/2025 4:00:00 PM"
"ForecastPeriod { Time = 11/23/2025 4:00:00 PM, TemperatureC = 1.1, RelativeHumidity = 67, DewPointC = -4.4, PrecipitationMm = 0, SnowfallCm = 0, WindSpeedKmh = 3.3, WindDirectionDeg = 103, WindGustsKmh = 10.4, SolarRadiationWm2 = 68, EvapotranspirationMm = 0, PressureHpa = 1014.3, LocalTime = 11/23/2025 5:00:00 PM }",LEG.MeteoSwiss.Client.Forecast.ForecastPeriod,"11/23/2025 4:00:00 PM",1.1,67,-4.4,0,0,3.3,103,10.4,68,0,1014.3,"11/23/2025 5:00:00 PM"
"ForecastPeriod { Time = 11/23/2025 5:00:00 PM, TemperatureC = 0.9, RelativeHumidity = 70, DewPointC = -4, PrecipitationMm = 0, SnowfallCm = 0, WindSpeedKmh = 4.9, WindDirectionDeg = 126, WindGustsKmh = 9, SolarRadiationWm2 = 7, EvapotranspirationMm = 0, PressureHpa = 1013.4, LocalTime = 11/23/2025 6:00:00 PM }",LEG.MeteoSwiss.Client.Forecast.ForecastPeriod,"11/23/2025 5:00:00 PM",0.9,70,-4,0,0,4.9,126,9,7,0,1013.4,"11/23/2025 6:00:00 PM"
"ForecastPeriod { Time = 11/23/2025 6:00:00 PM, TemperatureC = 0.9, RelativeHumidity = 72, DewPointC = -3.6, PrecipitationMm = 0, SnowfallCm = 0, WindSpeedKmh = 3, WindDirectionDeg = 104, WindGustsKmh = 9.7, SolarRadiationWm2 = 0, EvapotranspirationMm = 0, PressureHpa = 1012.5, LocalTime = 11/23/2025 7:00:00 PM }",LEG.MeteoSwiss.Client.Forecast.ForecastPeriod,"11/23/2025 6:00:00 PM",0.9,72,-3.6,0,0,3,104,9.7,0,0,1012.5,"11/23/2025 7:00:00 PM"
"ForecastPeriod { Time = 11/23/2025 7:00:00 PM, TemperatureC = 1, RelativeHumidity = 77, DewPointC = -2.6, PrecipitationMm = 0, SnowfallCm = 0, WindSpeedKmh = 5.1, WindDirectionDeg = 129, WindGustsKmh = 7.9, SolarRadiationWm2 = 0, EvapotranspirationMm = 0, PressureHpa = 1011.8, LocalTime = 11/23/2025 8:00:00 PM }",LEG.MeteoSwiss.Client.Forecast.ForecastPeriod,"11/23/2025 7:00:00 PM",1,77,-2.6,0,0,5.1,129,7.9,0,0,1011.8,"11/23/2025 8:00:00 PM"
"ForecastPeriod { Time = 11/23/2025 8:00:00 PM, TemperatureC = 0.3, RelativeHumidity = 87, DewPointC = -1.6, PrecipitationMm = 0.4, SnowfallCm = 0.07, WindSpeedKmh = 5.4, WindDirectionDeg = 94, WindGustsKmh = 8.3, SolarRadiationWm2 = 0, EvapotranspirationMm = 0, PressureHpa = 1011.5, LocalTime = 11/23/2025 9:00:00 PM }",LEG.MeteoSwiss.Client.Forecast.ForecastPeriod,"11/23/2025 8:00:00 PM",0.3,87,-1.6,0.4,0.07,5.4,94,8.3,0,0,1011.5,"11/23/2025 9:00:00 PM"
"ForecastPeriod { Time = 11/23/2025 9:00:00 PM, TemperatureC = 0.5, RelativeHumidity = 88, DewPointC = -1.2, PrecipitationMm = 2.1, SnowfallCm = 0.07, WindSpeedKmh = 5.4, WindDirectionDeg = 127, WindGustsKmh = 11.9, SolarRadiationWm2 = 0, EvapotranspirationMm = 0, PressureHpa = 1010.3, LocalTime = 11/23/2025 10:00:00 PM }",LEG.MeteoSwiss.Client.Forecast.ForecastPeriod,"11/23/2025 9:00:00 PM",0.5,88,-1.2,2.1,0.07,5.4,127,11.9,0,0,1010.3,"11/23/2025 10:00:00 PM"
"ForecastPeriod { Time = 11/23/2025 10:00:00 PM, TemperatureC = 1, RelativeHumidity = 88, DewPointC = -0.7, PrecipitationMm = 2, SnowfallCm = 0, WindSpeedKmh = 2.5, WindDirectionDeg = 135, WindGustsKmh = 10.4, SolarRadiationWm2 = 0, EvapotranspirationMm = 0, PressureHpa = 1009.1, LocalTime = 11/23/2025 11:00:00 PM }",LEG.MeteoSwiss.Client.Forecast.ForecastPeriod,"11/23/2025 10:00:00 PM",1,88,-0.7,2,0,2.5,135,10.4,0,0,1009.1,"11/23/2025 11:00:00 PM"
"ForecastPeriod { Time = 11/23/2025 11:00:00 PM, TemperatureC = 1.3, RelativeHumidity = 90, DewPointC = -0.2, PrecipitationMm = 1.7, SnowfallCm = 0, WindSpeedKmh = 4.7, WindDirectionDeg = 94, WindGustsKmh = 9, SolarRadiationWm2 = 0, EvapotranspirationMm = 0, PressureHpa = 1007.8, LocalTime = 11/24/2025 12:00:00 AM }",LEG.MeteoSwiss.Client.Forecast.ForecastPeriod,"11/23/2025 11:00:00 PM",1.3,90,-0.2,1.7,0,4.7,94,9,0,0,1007.8,"11/24/2025 12:00:00 AM"
"ForecastPeriod { Time = 11/24/2025 12:00:00 AM, TemperatureC = 1.4, RelativeHumidity = 92, DewPointC = 0.2, PrecipitationMm = 1.6, SnowfallCm = 0, WindSpeedKmh = 3.7, WindDirectionDeg = 101, WindGustsKmh = 7.2, SolarRadiationWm2 = 0, EvapotranspirationMm = 0, PressureHpa = 1007.1, LocalTime = 11/24/2025 1:00:00 AM }",LEG.MeteoSwiss.Client.Forecast.ForecastPeriod,"11/24/2025 12:00:00 AM",1.4,92,0.2,1.6,0,3.7,101,7.2,0,0,1007.1,"11/24/2025 1:00:00 AM"
"ForecastPeriod { Time = 11/24/2025 1:00:00 AM, TemperatureC = 1.4, RelativeHumidity = 94, DewPointC = 0.6, PrecipitationMm = 1.6, SnowfallCm = 0, WindSpeedKmh = 4, WindDirectionDeg = 90, WindGustsKmh = 6.1, SolarRadiationWm2 = 0, EvapotranspirationMm = 0, PressureHpa = 1006.9, LocalTime = 11/24/2025 2:00:00 AM }",LEG.MeteoSwiss.Client.Forecast.ForecastPeriod,"11/24/2025 1:00:00 AM",1.4,94,0.6,1.6,0,4,90,6.1,0,0,1006.9,"11/24/2025 2:00:00 AM"
"ForecastPeriod { Time = 11/24/2025 2:00:00 AM, TemperatureC = 1.6, RelativeHumidity = 94, DewPointC = 0.7, PrecipitationMm = 1.5, SnowfallCm = 0, WindSpeedKmh = 3.7, WindDirectionDeg = 79, WindGustsKmh = 6.1, SolarRadiationWm2 = 0, EvapotranspirationMm = 0, PressureHpa = 1006.8, LocalTime = 11/24/2025 3:00:00 AM }",LEG.MeteoSwiss.Client.Forecast.ForecastPeriod,"11/24/2025 2:00:00 AM",1.6,94,0.7,1.5,0,3.7,79,6.1,0,0,1006.8,"11/24/2025 3:00:00 AM"
"ForecastPeriod { Time = 11/24/2025 3:00:00 AM, TemperatureC = 1.8, RelativeHumidity = 96, DewPointC = 1.2, PrecipitationMm = 2.2, SnowfallCm = 0, WindSpeedKmh = 3.6, WindDirectionDeg = 84, WindGustsKmh = 6.1, SolarRadiationWm2 = 0, EvapotranspirationMm = 0, PressureHpa = 1006.5, LocalTime = 11/24/2025 4:00:00 AM }",LEG.MeteoSwiss.Client.Forecast.ForecastPeriod,"11/24/2025 3:00:00 AM",1.8,96,1.2,2.2,0,3.6,84,6.1,0,0,1006.5,"11/24/2025 4:00:00 AM"
"ForecastPeriod { Time = 11/24/2025 4:00:00 AM, TemperatureC = 1.8, RelativeHumidity = 98, DewPointC = 1.5, PrecipitationMm = 2.4, SnowfallCm = 0, WindSpeedKmh = 4.7, WindDirectionDeg = 113, WindGustsKmh = 7.2, SolarRadiationWm2 = 0, EvapotranspirationMm = 0, PressureHpa = 1005.8, LocalTime = 11/24/2025 5:00:00 AM }",LEG.MeteoSwiss.Client.Forecast.ForecastPeriod,"11/24/2025 4:00:00 AM",1.8,98,1.5,2.4,0,4.7,113,7.2,0,0,1005.8,"11/24/2025 5:00:00 AM"
"ForecastPeriod { Time = 11/24/2025 5:00:00 AM, TemperatureC = 1.9, RelativeHumidity = 98, DewPointC = 1.6, PrecipitationMm = 2.7, SnowfallCm = 0, WindSpeedKmh = 4.5, WindDirectionDeg = 119, WindGustsKmh = 7.9, SolarRadiationWm2 = 0, EvapotranspirationMm = 0, PressureHpa = 1005.4, LocalTime = 11/24/2025 6:00:00 AM }",LEG.MeteoSwiss.Client.Forecast.ForecastPeriod,"11/24/2025 5:00:00 AM",1.9,98,1.6,2.7,0,4.5,119,7.9,0,0,1005.4,"11/24/2025 6:00:00 AM"
"ForecastPeriod { Time = 11/24/2025 6:00:00 AM, TemperatureC = 2.1, RelativeHumidity = 98, DewPointC = 1.8, PrecipitationMm = 2.6, SnowfallCm = 0, WindSpeedKmh = 4.4, WindDirectionDeg = 125, WindGustsKmh = 7.6, SolarRadiationWm2 = 0, EvapotranspirationMm = 0, PressureHpa = 1005, LocalTime = 11/24/2025 7:00:00 AM }",LEG.MeteoSwiss.Client.Forecast.ForecastPeriod,"11/24/2025 6:00:00 AM",2.1,98,1.8,2.6,0,4.4,125,7.6,0,0,1005,"11/24/2025 7:00:00 AM"
"ForecastPeriod { Time = 11/24/2025 7:00:00 AM, TemperatureC = 2.2, RelativeHumidity = 98, DewPointC = 1.9, PrecipitationMm = 2.8, SnowfallCm = 0, WindSpeedKmh = 4.6, WindDirectionDeg = 129, WindGustsKmh = 7.2, SolarRadiationWm2 = 0, EvapotranspirationMm = 0, PressureHpa = 1004.7, LocalTime = 11/24/2025 8:00:00 AM }",LEG.MeteoSwiss.Client.Forecast.ForecastPeriod,"11/24/2025 7:00:00 AM",2.2,98,1.9,2.8,0,4.6,129,7.2,0,0,1004.7,"11/24/2025 8:00:00 AM"
"ForecastPeriod { Time = 11/24/2025 8:00:00 AM, TemperatureC = 2.4, RelativeHumidity = 98, DewPointC = 2.1, PrecipitationMm = 2.8, SnowfallCm = 0, WindSpeedKmh = 4.9, WindDirectionDeg = 126, WindGustsKmh = 8.6, SolarRadiationWm2 = 0.2, EvapotranspirationMm = 0, PressureHpa = 1004.4, LocalTime = 11/24/2025 9:00:00 AM }",LEG.MeteoSwiss.Client.Forecast.ForecastPeriod,"11/24/2025 8:00:00 AM",2.4,98,2.1,2.8,0,4.9,126,8.6,0.2,0,1004.4,"11/24/2025 9:00:00 AM"
"ForecastPeriod { Time = 11/24/2025 9:00:00 AM, TemperatureC = 2.5, RelativeHumidity = 98, DewPointC = 2.2, PrecipitationMm = 3, SnowfallCm = 0, WindSpeedKmh = 3.6, WindDirectionDeg = 84, WindGustsKmh = 7.9, SolarRadiationWm2 = 10, EvapotranspirationMm = 0, PressureHpa = 1004.1, LocalTime = 11/24/2025 10:00:00 AM }",LEG.MeteoSwiss.Client.Forecast.ForecastPeriod,"11/24/2025 9:00:00 AM",2.5,98,2.2,3,0,3.6,84,7.9,10,0,1004.1,"11/24/2025 10:00:00 AM"
"ForecastPeriod { Time = 11/24/2025 10:00:00 AM, TemperatureC = 2.7, RelativeHumidity = 98, DewPointC = 2.4, PrecipitationMm = 2.7, SnowfallCm = 0, WindSpeedKmh = 3.7, WindDirectionDeg = 79, WindGustsKmh = 6.5, SolarRadiationWm2 = 25.2, EvapotranspirationMm = 0, PressureHpa = 1003.7, LocalTime = 11/24/2025 11:00:00 AM }",LEG.MeteoSwiss.Client.Forecast.ForecastPeriod,"11/24/2025 10:00:00 AM",2.7,98,2.4,2.7,0,3.7,79,6.5,25.2,0,1003.7,"11/24/2025 11:00:00 AM"
"ForecastPeriod { Time = 11/24/2025 11:00:00 AM, TemperatureC = 3.1, RelativeHumidity = 98, DewPointC = 2.8, PrecipitationMm = 2.4, SnowfallCm = 0, WindSpeedKmh = 2.5, WindDirectionDeg = 98, WindGustsKmh = 6.5, SolarRadiationWm2 = 36, EvapotranspirationMm = 0, PressureHpa = 1002.9, LocalTime = 11/24/2025 12:00:00 PM }",LEG.MeteoSwiss.Client.Forecast.ForecastPeriod,"11/24/2025 11:00:00 AM",3.1,98,2.8,2.4,0,2.5,98,6.5,36,0,1002.9,"11/24/2025 12:00:00 PM"
"ForecastPeriod { Time = 11/24/2025 12:00:00 PM, TemperatureC = 3.6, RelativeHumidity = 98, DewPointC = 3.3, PrecipitationMm = 2.1, SnowfallCm = 0, WindSpeedKmh = 1.5, WindDirectionDeg = 135, WindGustsKmh = 3.2, SolarRadiationWm2 = 58.5, EvapotranspirationMm = 0, PressureHpa = 1001.5, LocalTime = 11/24/2025 1:00:00 PM }",LEG.MeteoSwiss.Client.Forecast.ForecastPeriod,"11/24/2025 12:00:00 PM",3.6,98,3.3,2.1,0,1.5,135,3.2,58.5,0,1001.5,"11/24/2025 1:00:00 PM"
"ForecastPeriod { Time = 11/24/2025 1:00:00 PM, TemperatureC = 3.9, RelativeHumidity = 97, DewPointC = 3.5, PrecipitationMm = 1.5, SnowfallCm = 0, WindSpeedKmh = 2.1, WindDirectionDeg = 121, WindGustsKmh = 4.7, SolarRadiationWm2 = 72.5, EvapotranspirationMm = 0, PressureHpa = 1000.3, LocalTime = 11/24/2025 2:00:00 PM }",LEG.MeteoSwiss.Client.Forecast.ForecastPeriod,"11/24/2025 1:00:00 PM",3.9,97,3.5,1.5,0,2.1,121,4.7,72.5,0,1000.3,"11/24/2025 2:00:00 PM"
"ForecastPeriod { Time = 11/24/2025 2:00:00 PM, TemperatureC = 4.4, RelativeHumidity = 97, DewPointC = 4, PrecipitationMm = 1.2, SnowfallCm = 0, WindSpeedKmh = 2.8, WindDirectionDeg = 130, WindGustsKmh = 5.8, SolarRadiationWm2 = 76.8, EvapotranspirationMm = 0, PressureHpa = 999.2, LocalTime = 11/24/2025 3:00:00 PM }",LEG.MeteoSwiss.Client.Forecast.ForecastPeriod,"11/24/2025 2:00:00 PM",4.4,97,4,1.2,0,2.8,130,5.8,76.8,0,999.2,"11/24/2025 3:00:00 PM"
"ForecastPeriod { Time = 11/24/2025 3:00:00 PM, TemperatureC = 4.4, RelativeHumidity = 96, DewPointC = 3.8, PrecipitationMm = 1, SnowfallCm = 0, WindSpeedKmh = 2.2, WindDirectionDeg = 81, WindGustsKmh = 3.6, SolarRadiationWm2 = 44, EvapotranspirationMm = 0, PressureHpa = 998.9, LocalTime = 11/24/2025 4:00:00 PM }",LEG.MeteoSwiss.Client.Forecast.ForecastPeriod,"11/24/2025 3:00:00 PM",4.4,96,3.8,1,0,2.2,81,3.6,44,0,998.9,"11/24/2025 4:00:00 PM"
"ForecastPeriod { Time = 11/24/2025 4:00:00 PM, TemperatureC = 4.2, RelativeHumidity = 96, DewPointC = 3.6, PrecipitationMm = 1.7, SnowfallCm = 0, WindSpeedKmh = 1.8, WindDirectionDeg = 101, WindGustsKmh = 3.2, SolarRadiationWm2 = 21.5, EvapotranspirationMm = 0, PressureHpa = 998.7, LocalTime = 11/24/2025 5:00:00 PM }",LEG.MeteoSwiss.Client.Forecast.ForecastPeriod,"11/24/2025 4:00:00 PM",4.2,96,3.6,1.7,0,1.8,101,3.2,21.5,0,998.7,"11/24/2025 5:00:00 PM"
"ForecastPeriod { Time = 11/24/2025 5:00:00 PM, TemperatureC = 3.7, RelativeHumidity = 97, DewPointC = 3.3, PrecipitationMm = 2.1, SnowfallCm = 0, WindSpeedKmh = 1.9, WindDirectionDeg = 68, WindGustsKmh = 2.5, SolarRadiationWm2 = 3.2, EvapotranspirationMm = 0, PressureHpa = 998.3, LocalTime = 11/24/2025 6:00:00 PM }",LEG.MeteoSwiss.Client.Forecast.ForecastPeriod,"11/24/2025 5:00:00 PM",3.7,97,3.3,2.1,0,1.9,68,2.5,3.2,0,998.3,"11/24/2025 6:00:00 PM"
"ForecastPeriod { Time = 11/24/2025 6:00:00 PM, TemperatureC = 3.2, RelativeHumidity = 97, DewPointC = 2.8, PrecipitationMm = 3.2, SnowfallCm = 0, WindSpeedKmh = 2.3, WindDirectionDeg = 72, WindGustsKmh = 3.2, SolarRadiationWm2 = 0, EvapotranspirationMm = 0, PressureHpa = 998.6, LocalTime = 11/24/2025 7:00:00 PM }",LEG.MeteoSwiss.Client.Forecast.ForecastPeriod,"11/24/2025 6:00:00 PM",3.2,97,2.8,3.2,0,2.3,72,3.2,0,0,998.6,"11/24/2025 7:00:00 PM"
"ForecastPeriod { Time = 11/24/2025 7:00:00 PM, TemperatureC = 3.5, RelativeHumidity = 98, DewPointC = 3.2, PrecipitationMm = 3.9, SnowfallCm = 0, WindSpeedKmh = 2.2, WindDirectionDeg = 90, WindGustsKmh = 5.4, SolarRadiationWm2 = 0, EvapotranspirationMm = 0, PressureHpa = 999, LocalTime = 11/24/2025 8:00:00 PM }",LEG.MeteoSwiss.Client.Forecast.ForecastPeriod,"11/24/2025 7:00:00 PM",3.5,98,3.2,3.9,0,2.2,90,5.4,0,0,999,"11/24/2025 8:00:00 PM"
"ForecastPeriod { Time = 11/24/2025 8:00:00 PM, TemperatureC = 3.6, RelativeHumidity = 99, DewPointC = 3.4, PrecipitationMm = 4.7, SnowfallCm = 0, WindSpeedKmh = 2.6, WindDirectionDeg = 74, WindGustsKmh = 5.4, SolarRadiationWm2 = 0, EvapotranspirationMm = 0, PressureHpa = 999.6, LocalTime = 11/24/2025 9:00:00 PM }",LEG.MeteoSwiss.Client.Forecast.ForecastPeriod,"11/24/2025 8:00:00 PM",3.6,99,3.4,4.7,0,2.6,74,5.4,0,0,999.6,"11/24/2025 9:00:00 PM"
"ForecastPeriod { Time = 11/24/2025 9:00:00 PM, TemperatureC = 3.5, RelativeHumidity = 96, DewPointC = 2.9, PrecipitationMm = 3.4, SnowfallCm = 0, WindSpeedKmh = 8.4, WindDirectionDeg = 335, WindGustsKmh = 15.5, SolarRadiationWm2 = 0, EvapotranspirationMm = 0, PressureHpa = 1000.4, LocalTime = 11/24/2025 10:00:00 PM }",LEG.MeteoSwiss.Client.Forecast.ForecastPeriod,"11/24/2025 9:00:00 PM",3.5,96,2.9,3.4,0,8.4,335,15.5,0,0,1000.4,"11/24/2025 10:00:00 PM"
"ForecastPeriod { Time = 11/24/2025 10:00:00 PM, TemperatureC = 3.5, RelativeHumidity = 91, DewPointC = 2.1, PrecipitationMm = 1.1, SnowfallCm = 0, WindSpeedKmh = 1.1, WindDirectionDeg = 72, WindGustsKmh = 13, SolarRadiationWm2 = 0, EvapotranspirationMm = 0, PressureHpa = 1000.9, LocalTime = 11/24/2025 11:00:00 PM }",LEG.MeteoSwiss.Client.Forecast.ForecastPeriod,"11/24/2025 10:00:00 PM",3.5,91,2.1,1.1,0,1.1,72,13,0,0,1000.9,"11/24/2025 11:00:00 PM"
"ForecastPeriod { Time = 11/24/2025 11:00:00 PM, TemperatureC = 3.3, RelativeHumidity = 92, DewPointC = 2.1, PrecipitationMm = 0.6, SnowfallCm = 0, WindSpeedKmh = 3.1, WindDirectionDeg = 135, WindGustsKmh = 5.4, SolarRadiationWm2 = 0, EvapotranspirationMm = 0, PressureHpa = 1001.4, LocalTime = 11/25/2025 12:00:00 AM }",LEG.MeteoSwiss.Client.Forecast.ForecastPeriod,"11/24/2025 11:00:00 PM",3.3,92,2.1,0.6,0,3.1,135,5.4,0,0,1001.4,"11/25/2025 12:00:00 AM"
"ForecastPeriod { Time = 11/25/2025 12:00:00 AM, TemperatureC = 2.7, RelativeHumidity = 95, DewPointC = 2, PrecipitationMm = 0.4, SnowfallCm = 0, WindSpeedKmh = 3.5, WindDirectionDeg = 114, WindGustsKmh = 5.8, SolarRadiationWm2 = 0, EvapotranspirationMm = 0, PressureHpa = 1002.1, LocalTime = 11/25/2025 1:00:00 AM }",LEG.MeteoSwiss.Client.Forecast.ForecastPeriod,"11/25/2025 12:00:00 AM",2.7,95,2,0.4,0,3.5,114,5.8,0,0,1002.1,"11/25/2025 1:00:00 AM"
"ForecastPeriod { Time = 11/25/2025 1:00:00 AM, TemperatureC = 2.6, RelativeHumidity = 95, DewPointC = 1.9, PrecipitationMm = 0.6, SnowfallCm = 0, WindSpeedKmh = 5.4, WindDirectionDeg = 110, WindGustsKmh = 8.6, SolarRadiationWm2 = 0, EvapotranspirationMm = 0, PressureHpa = 1002.5, LocalTime = 11/25/2025 2:00:00 AM }",LEG.MeteoSwiss.Client.Forecast.ForecastPeriod,"11/25/2025 1:00:00 AM",2.6,95,1.9,0.6,0,5.4,110,8.6,0,0,1002.5,"11/25/2025 2:00:00 AM"
"ForecastPeriod { Time = 11/25/2025 2:00:00 AM, TemperatureC = 2.7, RelativeHumidity = 93, DewPointC = 1.7, PrecipitationMm = 0.1, SnowfallCm = 0, WindSpeedKmh = 5.8, WindDirectionDeg = 120, WindGustsKmh = 10.4, SolarRadiationWm2 = 0, EvapotranspirationMm = 0, PressureHpa = 1002.5, LocalTime = 11/25/2025 3:00:00 AM }",LEG.MeteoSwiss.Client.Forecast.ForecastPeriod,"11/25/2025 2:00:00 AM",2.7,93,1.7,0.1,0,5.8,120,10.4,0,0,1002.5,"11/25/2025 3:00:00 AM"
"ForecastPeriod { Time = 11/25/2025 3:00:00 AM, TemperatureC = 3, RelativeHumidity = 93, DewPointC = 2, PrecipitationMm = 0.2, SnowfallCm = 0, WindSpeedKmh = 5.4, WindDirectionDeg = 110, WindGustsKmh = 9, SolarRadiationWm2 = 0, EvapotranspirationMm = 0, PressureHpa = 1002.1, LocalTime = 11/25/2025 4:00:00 AM }",LEG.MeteoSwiss.Client.Forecast.ForecastPeriod,"11/25/2025 3:00:00 AM",3,93,2,0.2,0,5.4,110,9,0,0,1002.1,"11/25/2025 4:00:00 AM"
"ForecastPeriod { Time = 11/25/2025 4:00:00 AM, TemperatureC = 2.6, RelativeHumidity = 94, DewPointC = 1.7, PrecipitationMm = 0, SnowfallCm = 0, WindSpeedKmh = 5.8, WindDirectionDeg = 112, WindGustsKmh = 9.4, SolarRadiationWm2 = 0, EvapotranspirationMm = 0, PressureHpa = 1001.9, LocalTime = 11/25/2025 5:00:00 AM }",LEG.MeteoSwiss.Client.Forecast.ForecastPeriod,"11/25/2025 4:00:00 AM",2.6,94,1.7,0,0,5.8,112,9.4,0,0,1001.9,"11/25/2025 5:00:00 AM"
"ForecastPeriod { Time = 11/25/2025 5:00:00 AM, TemperatureC = 2.4, RelativeHumidity = 95, DewPointC = 1.7, PrecipitationMm = 0, SnowfallCm = 0, WindSpeedKmh = 5.2, WindDirectionDeg = 124, WindGustsKmh = 11.5, SolarRadiationWm2 = 0, EvapotranspirationMm = 0, PressureHpa = 1002.3, LocalTime = 11/25/2025 6:00:00 AM }",LEG.MeteoSwiss.Client.Forecast.ForecastPeriod,"11/25/2025 5:00:00 AM",2.4,95,1.7,0,0,5.2,124,11.5,0,0,1002.3,"11/25/2025 6:00:00 AM"
"ForecastPeriod { Time = 11/25/2025 6:00:00 AM, TemperatureC = 1.9, RelativeHumidity = 96, DewPointC = 1.3, PrecipitationMm = 0, SnowfallCm = 0, WindSpeedKmh = 4.2, WindDirectionDeg = 110, WindGustsKmh = 9, SolarRadiationWm2 = 0, EvapotranspirationMm = 0, PressureHpa = 1002.5, LocalTime = 11/25/2025 7:00:00 AM }",LEG.MeteoSwiss.Client.Forecast.ForecastPeriod,"11/25/2025 6:00:00 AM",1.9,96,1.3,0,0,4.2,110,9,0,0,1002.5,"11/25/2025 7:00:00 AM"
"ForecastPeriod { Time = 11/25/2025 7:00:00 AM, TemperatureC = 2, RelativeHumidity = 94, DewPointC = 1.2, PrecipitationMm = 0.1, SnowfallCm = 0, WindSpeedKmh = 3.8, WindDirectionDeg = 131, WindGustsKmh = 7.9, SolarRadiationWm2 = 0, EvapotranspirationMm = 0, PressureHpa = 1003, LocalTime = 11/25/2025 8:00:00 AM }",LEG.MeteoSwiss.Client.Forecast.ForecastPeriod,"11/25/2025 7:00:00 AM",2,94,1.2,0.1,0,3.8,131,7.9,0,0,1003,"11/25/2025 8:00:00 AM"
"ForecastPeriod { Time = 11/25/2025 8:00:00 AM, TemperatureC = 2.7, RelativeHumidity = 92, DewPointC = 1.5, PrecipitationMm = 0.3, SnowfallCm = 0, WindSpeedKmh = 4.2, WindDirectionDeg = 121, WindGustsKmh = 6.8, SolarRadiationWm2 = 0.5, EvapotranspirationMm = 0, PressureHpa = 1003.3, LocalTime = 11/25/2025 9:00:00 AM }",LEG.MeteoSwiss.Client.Forecast.ForecastPeriod,"11/25/2025 8:00:00 AM",2.7,92,1.5,0.3,0,4.2,121,6.8,0.5,0,1003.3,"11/25/2025 9:00:00 AM"
"ForecastPeriod { Time = 11/25/2025 9:00:00 AM, TemperatureC = 3.1, RelativeHumidity = 90, DewPointC = 1.6, PrecipitationMm = 0.4, SnowfallCm = 0, WindSpeedKmh = 3.6, WindDirectionDeg = 143, WindGustsKmh = 6.5, SolarRadiationWm2 = 14.8, EvapotranspirationMm = 0, PressureHpa = 1003.9, LocalTime = 11/25/2025 10:00:00 AM }",LEG.MeteoSwiss.Client.Forecast.ForecastPeriod,"11/25/2025 9:00:00 AM",3.1,90,1.6,0.4,0,3.6,143,6.5,14.8,0,1003.9,"11/25/2025 10:00:00 AM"
"ForecastPeriod { Time = 11/25/2025 10:00:00 AM, TemperatureC = 3.4, RelativeHumidity = 90, DewPointC = 1.9, PrecipitationMm = 0.5, SnowfallCm = 0, WindSpeedKmh = 5.1, WindDirectionDeg = 129, WindGustsKmh = 9, SolarRadiationWm2 = 46, EvapotranspirationMm = 0, PressureHpa = 1004.5, LocalTime = 11/25/2025 11:00:00 AM }",LEG.MeteoSwiss.Client.Forecast.ForecastPeriod,"11/25/2025 10:00:00 AM",3.4,90,1.9,0.5,0,5.1,129,9,46,0,1004.5,"11/25/2025 11:00:00 AM"
"ForecastPeriod { Time = 11/25/2025 11:00:00 AM, TemperatureC = 2.9, RelativeHumidity = 91, DewPointC = 1.5, PrecipitationMm = 0.1, SnowfallCm = 0, WindSpeedKmh = 4, WindDirectionDeg = 190, WindGustsKmh = 8.6, SolarRadiationWm2 = 82, EvapotranspirationMm = 0, PressureHpa = 1004.8, LocalTime = 11/25/2025 12:00:00 PM }",LEG.MeteoSwiss.Client.Forecast.ForecastPeriod,"11/25/2025 11:00:00 AM",2.9,91,1.5,0.1,0,4,190,8.6,82,0,1004.8,"11/25/2025 12:00:00 PM"
"ForecastPeriod { Time = 11/25/2025 12:00:00 PM, TemperatureC = 3.3, RelativeHumidity = 87, DewPointC = 1.3, PrecipitationMm = 0.4, SnowfallCm = 0, WindSpeedKmh = 8.7, WindDirectionDeg = 232, WindGustsKmh = 16.6, SolarRadiationWm2 = 99, EvapotranspirationMm = 0, PressureHpa = 1004.8, LocalTime = 11/25/2025 1:00:00 PM }",LEG.MeteoSwiss.Client.Forecast.ForecastPeriod,"11/25/2025 12:00:00 PM",3.3,87,1.3,0.4,0,8.7,232,16.6,99,0,1004.8,"11/25/2025 1:00:00 PM"
"ForecastPeriod { Time = 11/25/2025 1:00:00 PM, TemperatureC = 3.8, RelativeHumidity = 84, DewPointC = 1.4, PrecipitationMm = 0.1, SnowfallCm = 0, WindSpeedKmh = 8.9, WindDirectionDeg = 230, WindGustsKmh = 18.7, SolarRadiationWm2 = 114, EvapotranspirationMm = 0, PressureHpa = 1004.6, LocalTime = 11/25/2025 2:00:00 PM }",LEG.MeteoSwiss.Client.Forecast.ForecastPeriod,"11/25/2025 1:00:00 PM",3.8,84,1.4,0.1,0,8.9,230,18.7,114,0,1004.6,"11/25/2025 2:00:00 PM"
"ForecastPeriod { Time = 11/25/2025 2:00:00 PM, TemperatureC = 3.8, RelativeHumidity = 87, DewPointC = 1.8, PrecipitationMm = 0.3, SnowfallCm = 0, WindSpeedKmh = 12.1, WindDirectionDeg = 240, WindGustsKmh = 22.7, SolarRadiationWm2 = 94, EvapotranspirationMm = 0, PressureHpa = 1004.9, LocalTime = 11/25/2025 3:00:00 PM }",LEG.MeteoSwiss.Client.Forecast.ForecastPeriod,"11/25/2025 2:00:00 PM",3.8,87,1.8,0.3,0,12.1,240,22.7,94,0,1004.9,"11/25/2025 3:00:00 PM"
"ForecastPeriod { Time = 11/25/2025 3:00:00 PM, TemperatureC = 3.5, RelativeHumidity = 87, DewPointC = 1.6, PrecipitationMm = 0.3, SnowfallCm = 0, WindSpeedKmh = 12.8, WindDirectionDeg = 254, WindGustsKmh = 25.9, SolarRadiationWm2 = 68, EvapotranspirationMm = 0, PressureHpa = 1005.6, LocalTime = 11/25/2025 4:00:00 PM }",LEG.MeteoSwiss.Client.Forecast.ForecastPeriod,"11/25/2025 3:00:00 PM",3.5,87,1.6,0.3,0,12.8,254,25.9,68,0,1005.6,"11/25/2025 4:00:00 PM"
"ForecastPeriod { Time = 11/25/2025 4:00:00 PM, TemperatureC = 3.2, RelativeHumidity = 89, DewPointC = 1.5, PrecipitationMm = 0.3, SnowfallCm = 0, WindSpeedKmh = 10.2, WindDirectionDeg = 247, WindGustsKmh = 24.8, SolarRadiationWm2 = 30, EvapotranspirationMm = 0, PressureHpa = 1006.2, LocalTime = 11/25/2025 5:00:00 PM }",LEG.MeteoSwiss.Client.Forecast.ForecastPeriod,"11/25/2025 4:00:00 PM",3.2,89,1.5,0.3,0,10.2,247,24.8,30,0,1006.2,"11/25/2025 5:00:00 PM"
"ForecastPeriod { Time = 11/25/2025 5:00:00 PM, TemperatureC = 2.8, RelativeHumidity = 89, DewPointC = 1.1, PrecipitationMm = 0.2, SnowfallCm = 0, WindSpeedKmh = 6.4, WindDirectionDeg = 218, WindGustsKmh = 19.1, SolarRadiationWm2 = 4, EvapotranspirationMm = 0, PressureHpa = 1006.7, LocalTime = 11/25/2025 6:00:00 PM }",LEG.MeteoSwiss.Client.Forecast.ForecastPeriod,"11/25/2025 5:00:00 PM",2.8,89,1.1,0.2,0,6.4,218,19.1,4,0,1006.7,"11/25/2025 6:00:00 PM"
"ForecastPeriod { Time = 11/25/2025 6:00:00 PM, TemperatureC = 2.3, RelativeHumidity = 91, DewPointC = 1, PrecipitationMm = 0.8, SnowfallCm = 0, WindSpeedKmh = 5.9, WindDirectionDeg = 227, WindGustsKmh = 14.8, SolarRadiationWm2 = 0, EvapotranspirationMm = 0, PressureHpa = 1007.4, LocalTime = 11/25/2025 7:00:00 PM }",LEG.MeteoSwiss.Client.Forecast.ForecastPeriod,"11/25/2025 6:00:00 PM",2.3,91,1,0.8,0,5.9,227,14.8,0,0,1007.4,"11/25/2025 7:00:00 PM"
"ForecastPeriod { Time = 11/25/2025 7:00:00 PM, TemperatureC = 2, RelativeHumidity = 92, DewPointC = 0.8, PrecipitationMm = 1, SnowfallCm = 0, WindSpeedKmh = 4.8, WindDirectionDeg = 193, WindGustsKmh = 10.4, SolarRadiationWm2 = 0, EvapotranspirationMm = 0, PressureHpa = 1008.3, LocalTime = 11/25/2025 8:00:00 PM }",LEG.MeteoSwiss.Client.Forecast.ForecastPeriod,"11/25/2025 7:00:00 PM",2,92,0.8,1,0,4.8,193,10.4,0,0,1008.3,"11/25/2025 8:00:00 PM"
"ForecastPeriod { Time = 11/25/2025 8:00:00 PM, TemperatureC = 1.7, RelativeHumidity = 94, DewPointC = 0.8, PrecipitationMm = 0.7, SnowfallCm = 0, WindSpeedKmh = 4.3, WindDirectionDeg = 175, WindGustsKmh = 7.6, SolarRadiationWm2 = 0, EvapotranspirationMm = 0, PressureHpa = 1009.1, LocalTime = 11/25/2025 9:00:00 PM }",LEG.MeteoSwiss.Client.Forecast.ForecastPeriod,"11/25/2025 8:00:00 PM",1.7,94,0.8,0.7,0,4.3,175,7.6,0,0,1009.1,"11/25/2025 9:00:00 PM"
"ForecastPeriod { Time = 11/25/2025 9:00:00 PM, TemperatureC = 1.6, RelativeHumidity = 95, DewPointC = 0.9, PrecipitationMm = 0.5, SnowfallCm = 0, WindSpeedKmh = 2.9, WindDirectionDeg = 173, WindGustsKmh = 6.8, SolarRadiationWm2 = 0, EvapotranspirationMm = 0, PressureHpa = 1009.7, LocalTime = 11/25/2025 10:00:00 PM }",LEG.MeteoSwiss.Client.Forecast.ForecastPeriod,"11/25/2025 9:00:00 PM",1.6,95,0.9,0.5,0,2.9,173,6.8,0,0,1009.7,"11/25/2025 10:00:00 PM"
"ForecastPeriod { Time = 11/25/2025 10:00:00 PM, TemperatureC = 1.6, RelativeHumidity = 95, DewPointC = 0.9, PrecipitationMm = 0.4, SnowfallCm = 0, WindSpeedKmh = 3.1, WindDirectionDeg = 201, WindGustsKmh = 4, SolarRadiationWm2 = 0, EvapotranspirationMm = 0, PressureHpa = 1010.1, LocalTime = 11/25/2025 11:00:00 PM }",LEG.MeteoSwiss.Client.Forecast.ForecastPeriod,"11/25/2025 10:00:00 PM",1.6,95,0.9,0.4,0,3.1,201,4,0,0,1010.1,"11/25/2025 11:00:00 PM"
"ForecastPeriod { Time = 11/25/2025 11:00:00 PM, TemperatureC = 1.5, RelativeHumidity = 95, DewPointC = 0.8, PrecipitationMm = 0.3, SnowfallCm = 0, WindSpeedKmh = 2.7, WindDirectionDeg = 203, WindGustsKmh = 4.3, SolarRadiationWm2 = 0, EvapotranspirationMm = 0, PressureHpa = 1010.5, LocalTime = 11/26/2025 12:00:00 AM }",LEG.MeteoSwiss.Client.Forecast.ForecastPeriod,"11/25/2025 11:00:00 PM",1.5,95,0.8,0.3,0,2.7,203,4.3,0,0,1010.5,"11/26/2025 12:00:00 AM"
"ForecastPeriod { Time = 11/26/2025 12:00:00 AM, TemperatureC = 1.1, RelativeHumidity = 94, DewPointC = 0.3, PrecipitationMm = 0.6, SnowfallCm = 0, WindSpeedKmh = 2.3, WindDirectionDeg = 219, WindGustsKmh = 3.6, SolarRadiationWm2 = 0, EvapotranspirationMm = 0, PressureHpa = 1011.1, LocalTime = 11/26/2025 1:00:00 AM }",LEG.MeteoSwiss.Client.Forecast.ForecastPeriod,"11/26/2025 12:00:00 AM",1.1,94,0.3,0.6,0,2.3,219,3.6,0,0,1011.1,"11/26/2025 1:00:00 AM"
"ForecastPeriod { Time = 11/26/2025 1:00:00 AM, TemperatureC = 0.8, RelativeHumidity = 95, DewPointC = 0.1, PrecipitationMm = 1, SnowfallCm = 0.21, WindSpeedKmh = 2.9, WindDirectionDeg = 277, WindGustsKmh = 6.1, SolarRadiationWm2 = 0, EvapotranspirationMm = 0, PressureHpa = 1011.8, LocalTime = 11/26/2025 2:00:00 AM }",LEG.MeteoSwiss.Client.Forecast.ForecastPeriod,"11/26/2025 1:00:00 AM",0.8,95,0.1,1,0.21,2.9,277,6.1,0,0,1011.8,"11/26/2025 2:00:00 AM"
"ForecastPeriod { Time = 11/26/2025 2:00:00 AM, TemperatureC = 0.9, RelativeHumidity = 95, DewPointC = 0.2, PrecipitationMm = 0.6, SnowfallCm = 0.21, WindSpeedKmh = 2.3, WindDirectionDeg = 252, WindGustsKmh = 7.2, SolarRadiationWm2 = 0, EvapotranspirationMm = 0, PressureHpa = 1012.7, LocalTime = 11/26/2025 3:00:00 AM }",LEG.MeteoSwiss.Client.Forecast.ForecastPeriod,"11/26/2025 2:00:00 AM",0.9,95,0.2,0.6,0.21,2.3,252,7.2,0,0,1012.7,"11/26/2025 3:00:00 AM"
"ForecastPeriod { Time = 11/26/2025 3:00:00 AM, TemperatureC = 0.8, RelativeHumidity = 97, DewPointC = 0.3, PrecipitationMm = 0.1, SnowfallCm = 0, WindSpeedKmh = 3.4, WindDirectionDeg = 162, WindGustsKmh = 6.1, SolarRadiationWm2 = 0, EvapotranspirationMm = 0, PressureHpa = 1013.4, LocalTime = 11/26/2025 4:00:00 AM }",LEG.MeteoSwiss.Client.Forecast.ForecastPeriod,"11/26/2025 3:00:00 AM",0.8,97,0.3,0.1,0,3.4,162,6.1,0,0,1013.4,"11/26/2025 4:00:00 AM"
"ForecastPeriod { Time = 11/26/2025 4:00:00 AM, TemperatureC = 0.7, RelativeHumidity = 98, DewPointC = 0.4, PrecipitationMm = 0, SnowfallCm = 0, WindSpeedKmh = 3.4, WindDirectionDeg = 148, WindGustsKmh = 5.8, SolarRadiationWm2 = 0, EvapotranspirationMm = 0, PressureHpa = 1014.1, LocalTime = 11/26/2025 5:00:00 AM }",LEG.MeteoSwiss.Client.Forecast.ForecastPeriod,"11/26/2025 4:00:00 AM",0.7,98,0.4,0,0,3.4,148,5.8,0,0,1014.1,"11/26/2025 5:00:00 AM"
"ForecastPeriod { Time = 11/26/2025 5:00:00 AM, TemperatureC = 0.6, RelativeHumidity = 97, DewPointC = 0.2, PrecipitationMm = 0.1, SnowfallCm = 0, WindSpeedKmh = 1.8, WindDirectionDeg = 127, WindGustsKmh = 4.7, SolarRadiationWm2 = 0, EvapotranspirationMm = 0, PressureHpa = 1014.8, LocalTime = 11/26/2025 6:00:00 AM }",LEG.MeteoSwiss.Client.Forecast.ForecastPeriod,"11/26/2025 5:00:00 AM",0.6,97,0.2,0.1,0,1.8,127,4.7,0,0,1014.8,"11/26/2025 6:00:00 AM"
"ForecastPeriod { Time = 11/26/2025 6:00:00 AM, TemperatureC = 0.6, RelativeHumidity = 95, DewPointC = -0.1, PrecipitationMm = 0.2, SnowfallCm = 0, WindSpeedKmh = 2.5, WindDirectionDeg = 172, WindGustsKmh = 4, SolarRadiationWm2 = 0, EvapotranspirationMm = 0, PressureHpa = 1015.4, LocalTime = 11/26/2025 7:00:00 AM }",LEG.MeteoSwiss.Client.Forecast.ForecastPeriod,"11/26/2025 6:00:00 AM",0.6,95,-0.1,0.2,0,2.5,172,4,0,0,1015.4,"11/26/2025 7:00:00 AM"
"ForecastPeriod { Time = 11/26/2025 7:00:00 AM, TemperatureC = 0.7, RelativeHumidity = 96, DewPointC = 0.2, PrecipitationMm = 0.2, SnowfallCm = 0, WindSpeedKmh = 1.9, WindDirectionDeg = 158, WindGustsKmh = 3.2, SolarRadiationWm2 = 0, EvapotranspirationMm = 0, PressureHpa = 1016.3, LocalTime = 11/26/2025 8:00:00 AM }",LEG.MeteoSwiss.Client.Forecast.ForecastPeriod,"11/26/2025 7:00:00 AM",0.7,96,0.2,0.2,0,1.9,158,3.2,0,0,1016.3,"11/26/2025 8:00:00 AM"
"ForecastPeriod { Time = 11/26/2025 8:00:00 AM, TemperatureC = 0.8, RelativeHumidity = 96, DewPointC = 0.2, PrecipitationMm = 0.1, SnowfallCm = 0, WindSpeedKmh = 2.5, WindDirectionDeg = 135, WindGustsKmh = 5, SolarRadiationWm2 = 1, EvapotranspirationMm = 0, PressureHpa = 1017.3, LocalTime = 11/26/2025 9:00:00 AM }",LEG.MeteoSwiss.Client.Forecast.ForecastPeriod,"11/26/2025 8:00:00 AM",0.8,96,0.2,0.1,0,2.5,135,5,1,0,1017.3,"11/26/2025 9:00:00 AM"
"ForecastPeriod { Time = 11/26/2025 9:00:00 AM, TemperatureC = 1.1, RelativeHumidity = 96, DewPointC = 0.5, PrecipitationMm = 0, SnowfallCm = 0, WindSpeedKmh = 1.8, WindDirectionDeg = 127, WindGustsKmh = 4.3, SolarRadiationWm2 = 32, EvapotranspirationMm = 0, PressureHpa = 1018.2, LocalTime = 11/26/2025 10:00:00 AM }",LEG.MeteoSwiss.Client.Forecast.ForecastPeriod,"11/26/2025 9:00:00 AM",1.1,96,0.5,0,0,1.8,127,4.3,32,0,1018.2,"11/26/2025 10:00:00 AM"
"ForecastPeriod { Time = 11/26/2025 10:00:00 AM, TemperatureC = 1.7, RelativeHumidity = 95, DewPointC = 1, PrecipitationMm = 0, SnowfallCm = 0, WindSpeedKmh = 1.8, WindDirectionDeg = 169, WindGustsKmh = 5.4, SolarRadiationWm2 = 83, EvapotranspirationMm = 0, PressureHpa = 1018.5, LocalTime = 11/26/2025 11:00:00 AM }",LEG.MeteoSwiss.Client.Forecast.ForecastPeriod,"11/26/2025 10:00:00 AM",1.7,95,1,0,0,1.8,169,5.4,83,0,1018.5,"11/26/2025 11:00:00 AM"
"ForecastPeriod { Time = 11/26/2025 11:00:00 AM, TemperatureC = 2.4, RelativeHumidity = 90, DewPointC = 0.9, PrecipitationMm = 0, SnowfallCm = 0, WindSpeedKmh = 2.8, WindDirectionDeg = 220, WindGustsKmh = 6.8, SolarRadiationWm2 = 135, EvapotranspirationMm = 0, PressureHpa = 1018.9, LocalTime = 11/26/2025 12:00:00 PM }",LEG.MeteoSwiss.Client.Forecast.ForecastPeriod,"11/26/2025 11:00:00 AM",2.4,90,0.9,0,0,2.8,220,6.8,135,0,1018.9,"11/26/2025 12:00:00 PM"
"ForecastPeriod { Time = 11/26/2025 12:00:00 PM, TemperatureC = 2.9, RelativeHumidity = 81, DewPointC = -0.1, PrecipitationMm = 0, SnowfallCm = 0, WindSpeedKmh = 5.4, WindDirectionDeg = 250, WindGustsKmh = 10.8, SolarRadiationWm2 = 142, EvapotranspirationMm = 0, PressureHpa = 1018.8, LocalTime = 11/26/2025 1:00:00 PM }",LEG.MeteoSwiss.Client.Forecast.ForecastPeriod,"11/26/2025 12:00:00 PM",2.9,81,-0.1,0,0,5.4,250,10.8,142,0,1018.8,"11/26/2025 1:00:00 PM"
"ForecastPeriod { Time = 11/26/2025 1:00:00 PM, TemperatureC = 2.6, RelativeHumidity = 82, DewPointC = -0.2, PrecipitationMm = 0.4, SnowfallCm = 0, WindSpeedKmh = 5.2, WindDirectionDeg = 286, WindGustsKmh = 12.6, SolarRadiationWm2 = 106, EvapotranspirationMm = 0, PressureHpa = 1019.1, LocalTime = 11/26/2025 2:00:00 PM }",LEG.MeteoSwiss.Client.Forecast.ForecastPeriod,"11/26/2025 1:00:00 PM",2.6,82,-0.2,0.4,0,5.2,286,12.6,106,0,1019.1,"11/26/2025 2:00:00 PM"
"ForecastPeriod { Time = 11/26/2025 2:00:00 PM, TemperatureC = 2.5, RelativeHumidity = 84, DewPointC = 0, PrecipitationMm = 0.5, SnowfallCm = 0, WindSpeedKmh = 4, WindDirectionDeg = 280, WindGustsKmh = 11.2, SolarRadiationWm2 = 92, EvapotranspirationMm = 0, PressureHpa = 1019.5, LocalTime = 11/26/2025 3:00:00 PM }",LEG.MeteoSwiss.Client.Forecast.ForecastPeriod,"11/26/2025 2:00:00 PM",2.5,84,0,0.5,0,4,280,11.2,92,0,1019.5,"11/26/2025 3:00:00 PM"
"ForecastPeriod { Time = 11/26/2025 3:00:00 PM, TemperatureC = 2.2, RelativeHumidity = 88, DewPointC = 0.4, PrecipitationMm = 0.5, SnowfallCm = 0, WindSpeedKmh = 2.1, WindDirectionDeg = 239, WindGustsKmh = 8.3, SolarRadiationWm2 = 70, EvapotranspirationMm = 0, PressureHpa = 1019.9, LocalTime = 11/26/2025 4:00:00 PM }",LEG.MeteoSwiss.Client.Forecast.ForecastPeriod,"11/26/2025 3:00:00 PM",2.2,88,0.4,0.5,0,2.1,239,8.3,70,0,1019.9,"11/26/2025 4:00:00 PM"
"ForecastPeriod { Time = 11/26/2025 4:00:00 PM, TemperatureC = 1.8, RelativeHumidity = 91, DewPointC = 0.5, PrecipitationMm = 0.5, SnowfallCm = 0, WindSpeedKmh = 2.2, WindDirectionDeg = 189, WindGustsKmh = 5.8, SolarRadiationWm2 = 37, EvapotranspirationMm = 0, PressureHpa = 1020.5, LocalTime = 11/26/2025 5:00:00 PM }",LEG.MeteoSwiss.Client.Forecast.ForecastPeriod,"11/26/2025 4:00:00 PM",1.8,91,0.5,0.5,0,2.2,189,5.8,37,0,1020.5,"11/26/2025 5:00:00 PM"
"ForecastPeriod { Time = 11/26/2025 5:00:00 PM, TemperatureC = 1.4, RelativeHumidity = 93, DewPointC = 0.4, PrecipitationMm = 0.4, SnowfallCm = 0, WindSpeedKmh = 2.2, WindDirectionDeg = 180, WindGustsKmh = 4.3, SolarRadiationWm2 = 7, EvapotranspirationMm = 0, PressureHpa = 1021.2, LocalTime = 11/26/2025 6:00:00 PM }",LEG.MeteoSwiss.Client.Forecast.ForecastPeriod,"11/26/2025 5:00:00 PM",1.4,93,0.4,0.4,0,2.2,180,4.3,7,0,1021.2,"11/26/2025 6:00:00 PM"
"ForecastPeriod { Time = 11/26/2025 6:00:00 PM, TemperatureC = 0.9, RelativeHumidity = 94, DewPointC = 0.1, PrecipitationMm = 0.4, SnowfallCm = 0, WindSpeedKmh = 1.8, WindDirectionDeg = 180, WindGustsKmh = 2.9, SolarRadiationWm2 = 0, EvapotranspirationMm = 0, PressureHpa = 1022, LocalTime = 11/26/2025 7:00:00 PM }",LEG.MeteoSwiss.Client.Forecast.ForecastPeriod,"11/26/2025 6:00:00 PM",0.9,94,0.1,0.4,0,1.8,180,2.9,0,0,1022,"11/26/2025 7:00:00 PM"
"ForecastPeriod { Time = 11/26/2025 7:00:00 PM, TemperatureC = 0.6, RelativeHumidity = 95, DewPointC = -0.1, PrecipitationMm = 0.4, SnowfallCm = 0, WindSpeedKmh = 1.4, WindDirectionDeg = 180, WindGustsKmh = 2.5, SolarRadiationWm2 = 0, EvapotranspirationMm = 0, PressureHpa = 1022.7, LocalTime = 11/26/2025 8:00:00 PM }",LEG.MeteoSwiss.Client.Forecast.ForecastPeriod,"11/26/2025 7:00:00 PM",0.6,95,-0.1,0.4,0,1.4,180,2.5,0,0,1022.7,"11/26/2025 8:00:00 PM"
"ForecastPeriod { Time = 11/26/2025 8:00:00 PM, TemperatureC = 0.4, RelativeHumidity = 96, DewPointC = -0.1, PrecipitationMm = 0, SnowfallCm = 0, WindSpeedKmh = 1.9, WindDirectionDeg = 158, WindGustsKmh = 3.6, SolarRadiationWm2 = 0, EvapotranspirationMm = 0, PressureHpa = 1023.2, LocalTime = 11/26/2025 9:00:00 PM }",LEG.MeteoSwiss.Client.Forecast.ForecastPeriod,"11/26/2025 8:00:00 PM",0.4,96,-0.1,0,0,1.9,158,3.6,0,0,1023.2,"11/26/2025 9:00:00 PM"
"ForecastPeriod { Time = 11/26/2025 9:00:00 PM, TemperatureC = 0.4, RelativeHumidity = 97, DewPointC = -0, PrecipitationMm = 0, SnowfallCm = 0, WindSpeedKmh = 2.9, WindDirectionDeg = 150, WindGustsKmh = 5, SolarRadiationWm2 = 0, EvapotranspirationMm = 0, PressureHpa = 1023.7, LocalTime = 11/26/2025 10:00:00 PM }",LEG.MeteoSwiss.Client.Forecast.ForecastPeriod,"11/26/2025 9:00:00 PM",0.4,97,-0,0,0,2.9,150,5,0,0,1023.7,"11/26/2025 10:00:00 PM"
"ForecastPeriod { Time = 11/26/2025 10:00:00 PM, TemperatureC = 0.4, RelativeHumidity = 98, DewPointC = 0.1, PrecipitationMm = 0, SnowfallCm = 0, WindSpeedKmh = 3.6, WindDirectionDeg = 143, WindGustsKmh = 6.5, SolarRadiationWm2 = 0, EvapotranspirationMm = 0, PressureHpa = 1024, LocalTime = 11/26/2025 11:00:00 PM }",LEG.MeteoSwiss.Client.Forecast.ForecastPeriod,"11/26/2025 10:00:00 PM",0.4,98,0.1,0,0,3.6,143,6.5,0,0,1024,"11/26/2025 11:00:00 PM"
"ForecastPeriod { Time = 11/26/2025 11:00:00 PM, TemperatureC = 0.5, RelativeHumidity = 98, DewPointC = 0.2, PrecipitationMm = 0, SnowfallCm = 0, WindSpeedKmh = 3.8, WindDirectionDeg = 139, WindGustsKmh = 6.8, SolarRadiationWm2 = 0, EvapotranspirationMm = 0, PressureHpa = 1024.1, LocalTime = 11/27/2025 12:00:00 AM }",LEG.MeteoSwiss.Client.Forecast.ForecastPeriod,"11/26/2025 11:00:00 PM",0.5,98,0.2,0,0,3.8,139,6.8,0,0,1024.1,"11/27/2025 12:00:00 AM"
"ForecastPeriod { Time = 11/27/2025 12:00:00 AM, TemperatureC = 0.6, RelativeHumidity = 97, DewPointC = 0.2, PrecipitationMm = 0, SnowfallCm = 0, WindSpeedKmh = 3.6, WindDirectionDeg = 135, WindGustsKmh = 6.8, SolarRadiationWm2 = 0, EvapotranspirationMm = 0, PressureHpa = 1024.2, LocalTime = 11/27/2025 1:00:00 AM }",LEG.MeteoSwiss.Client.Forecast.ForecastPeriod,"11/27/2025 12:00:00 AM",0.6,97,0.2,0,0,3.6,135,6.8,0,0,1024.2,"11/27/2025 1:00:00 AM"
"ForecastPeriod { Time = 11/27/2025 1:00:00 AM, TemperatureC = 0.7, RelativeHumidity = 96, DewPointC = 0.2, PrecipitationMm = 0, SnowfallCm = 0, WindSpeedKmh = 3.3, WindDirectionDeg = 131, WindGustsKmh = 6.8, SolarRadiationWm2 = 0, EvapotranspirationMm = 0, PressureHpa = 1024.2, LocalTime = 11/27/2025 2:00:00 AM }",LEG.MeteoSwiss.Client.Forecast.ForecastPeriod,"11/27/2025 1:00:00 AM",0.7,96,0.2,0,0,3.3,131,6.8,0,0,1024.2,"11/27/2025 2:00:00 AM"
"ForecastPeriod { Time = 11/27/2025 2:00:00 AM, TemperatureC = 0.7, RelativeHumidity = 96, DewPointC = 0.2, PrecipitationMm = 0, SnowfallCm = 0, WindSpeedKmh = 3.4, WindDirectionDeg = 122, WindGustsKmh = 6.8, SolarRadiationWm2 = 0, EvapotranspirationMm = 0, PressureHpa = 1024.3, LocalTime = 11/27/2025 3:00:00 AM }",LEG.MeteoSwiss.Client.Forecast.ForecastPeriod,"11/27/2025 2:00:00 AM",0.7,96,0.2,0,0,3.4,122,6.8,0,0,1024.3,"11/27/2025 3:00:00 AM"
"ForecastPeriod { Time = 11/27/2025 3:00:00 AM, TemperatureC = 0.6, RelativeHumidity = 95, DewPointC = -0.1, PrecipitationMm = 0, SnowfallCm = 0, WindSpeedKmh = 3.7, WindDirectionDeg = 119, WindGustsKmh = 7.2, SolarRadiationWm2 = 0, EvapotranspirationMm = 0, PressureHpa = 1024.5, LocalTime = 11/27/2025 4:00:00 AM }",LEG.MeteoSwiss.Client.Forecast.ForecastPeriod,"11/27/2025 3:00:00 AM",0.6,95,-0.1,0,0,3.7,119,7.2,0,0,1024.5,"11/27/2025 4:00:00 AM"
"ForecastPeriod { Time = 11/27/2025 4:00:00 AM, TemperatureC = 0.6, RelativeHumidity = 95, DewPointC = -0.1, PrecipitationMm = 0, SnowfallCm = 0, WindSpeedKmh = 3.9, WindDirectionDeg = 112, WindGustsKmh = 7.2, SolarRadiationWm2 = 0, EvapotranspirationMm = 0, PressureHpa = 1024.6, LocalTime = 11/27/2025 5:00:00 AM }",LEG.MeteoSwiss.Client.Forecast.ForecastPeriod,"11/27/2025 4:00:00 AM",0.6,95,-0.1,0,0,3.9,112,7.2,0,0,1024.6,"11/27/2025 5:00:00 AM"
"ForecastPeriod { Time = 11/27/2025 5:00:00 AM, TemperatureC = 0.5, RelativeHumidity = 95, DewPointC = -0.2, PrecipitationMm = 0, SnowfallCm = 0, WindSpeedKmh = 3.8, WindDirectionDeg = 107, WindGustsKmh = 6.8, SolarRadiationWm2 = 0, EvapotranspirationMm = 0, PressureHpa = 1024.7, LocalTime = 11/27/2025 6:00:00 AM }",LEG.MeteoSwiss.Client.Forecast.ForecastPeriod,"11/27/2025 5:00:00 AM",0.5,95,-0.2,0,0,3.8,107,6.8,0,0,1024.7,"11/27/2025 6:00:00 AM"
"ForecastPeriod { Time = 11/27/2025 6:00:00 AM, TemperatureC = 0.4, RelativeHumidity = 94, DewPointC = -0.5, PrecipitationMm = 0, SnowfallCm = 0, WindSpeedKmh = 3.3, WindDirectionDeg = 96, WindGustsKmh = 6.5, SolarRadiationWm2 = 0, EvapotranspirationMm = 0, PressureHpa = 1024.9, LocalTime = 11/27/2025 7:00:00 AM }",LEG.MeteoSwiss.Client.Forecast.ForecastPeriod,"11/27/2025 6:00:00 AM",0.4,94,-0.5,0,0,3.3,96,6.5,0,0,1024.9,"11/27/2025 7:00:00 AM"
"ForecastPeriod { Time = 11/27/2025 7:00:00 AM, TemperatureC = 0.4, RelativeHumidity = 94, DewPointC = -0.4, PrecipitationMm = 0, SnowfallCm = 0, WindSpeedKmh = 2.9, WindDirectionDeg = 90, WindGustsKmh = 6.1, SolarRadiationWm2 = 0, EvapotranspirationMm = 0, PressureHpa = 1025, LocalTime = 11/27/2025 8:00:00 AM }",LEG.MeteoSwiss.Client.Forecast.ForecastPeriod,"11/27/2025 7:00:00 AM",0.4,94,-0.4,0,0,2.9,90,6.1,0,0,1025,"11/27/2025 8:00:00 AM"
"ForecastPeriod { Time = 11/27/2025 8:00:00 AM, TemperatureC = 0.7, RelativeHumidity = 93, DewPointC = -0.3, PrecipitationMm = 0, SnowfallCm = 0, WindSpeedKmh = 2.5, WindDirectionDeg = 98, WindGustsKmh = 5.8, SolarRadiationWm2 = 2, EvapotranspirationMm = 0, PressureHpa = 1025.2, LocalTime = 11/27/2025 9:00:00 AM }",LEG.MeteoSwiss.Client.Forecast.ForecastPeriod,"11/27/2025 8:00:00 AM",0.7,93,-0.3,0,0,2.5,98,5.8,2,0,1025.2,"11/27/2025 9:00:00 AM"
"ForecastPeriod { Time = 11/27/2025 9:00:00 AM, TemperatureC = 1.1, RelativeHumidity = 93, DewPointC = 0.1, PrecipitationMm = 0, SnowfallCm = 0, WindSpeedKmh = 2.4, WindDirectionDeg = 117, WindGustsKmh = 5.4, SolarRadiationWm2 = 55, EvapotranspirationMm = 0, PressureHpa = 1025.4, LocalTime = 11/27/2025 10:00:00 AM }",LEG.MeteoSwiss.Client.Forecast.ForecastPeriod,"11/27/2025 9:00:00 AM",1.1,93,0.1,0,0,2.4,117,5.4,55,0,1025.4,"11/27/2025 10:00:00 AM"
"ForecastPeriod { Time = 11/27/2025 10:00:00 AM, TemperatureC = 1.5, RelativeHumidity = 91, DewPointC = 0.2, PrecipitationMm = 0, SnowfallCm = 0, WindSpeedKmh = 2.1, WindDirectionDeg = 121, WindGustsKmh = 5.8, SolarRadiationWm2 = 132, EvapotranspirationMm = 0, PressureHpa = 1025.4, LocalTime = 11/27/2025 11:00:00 AM }",LEG.MeteoSwiss.Client.Forecast.ForecastPeriod,"11/27/2025 10:00:00 AM",1.5,91,0.2,0,0,2.1,121,5.8,132,0,1025.4,"11/27/2025 11:00:00 AM"
"ForecastPeriod { Time = 11/27/2025 11:00:00 AM, TemperatureC = 2.2, RelativeHumidity = 87, DewPointC = 0.2, PrecipitationMm = 0, SnowfallCm = 0, WindSpeedKmh = 1.9, WindDirectionDeg = 68, WindGustsKmh = 7.2, SolarRadiationWm2 = 204, EvapotranspirationMm = 0, PressureHpa = 1025.1, LocalTime = 11/27/2025 12:00:00 PM }",LEG.MeteoSwiss.Client.Forecast.ForecastPeriod,"11/27/2025 11:00:00 AM",2.2,87,0.2,0,0,1.9,68,7.2,204,0,1025.1,"11/27/2025 12:00:00 PM"
"ForecastPeriod { Time = 11/27/2025 12:00:00 PM, TemperatureC = 2.9, RelativeHumidity = 82, DewPointC = 0.1, PrecipitationMm = 0, SnowfallCm = 0, WindSpeedKmh = 3.4, WindDirectionDeg = 32, WindGustsKmh = 9, SolarRadiationWm2 = 265, EvapotranspirationMm = 0, PressureHpa = 1024.6, LocalTime = 11/27/2025 1:00:00 PM }",LEG.MeteoSwiss.Client.Forecast.ForecastPeriod,"11/27/2025 12:00:00 PM",2.9,82,0.1,0,0,3.4,32,9,265,0,1024.6,"11/27/2025 1:00:00 PM"
"ForecastPeriod { Time = 11/27/2025 1:00:00 PM, TemperatureC = 3.3, RelativeHumidity = 79, DewPointC = 0, PrecipitationMm = 0, SnowfallCm = 0, WindSpeedKmh = 5.2, WindDirectionDeg = 25, WindGustsKmh = 10.4, SolarRadiationWm2 = 287, EvapotranspirationMm = 0, PressureHpa = 1024.2, LocalTime = 11/27/2025 2:00:00 PM }",LEG.MeteoSwiss.Client.Forecast.ForecastPeriod,"11/27/2025 1:00:00 PM",3.3,79,0,0,0,5.2,25,10.4,287,0,1024.2,"11/27/2025 2:00:00 PM"
"ForecastPeriod { Time = 11/27/2025 2:00:00 PM, TemperatureC = 3.3, RelativeHumidity = 78, DewPointC = -0.2, PrecipitationMm = 0, SnowfallCm = 0, WindSpeedKmh = 5.3, WindDirectionDeg = 28, WindGustsKmh = 11.2, SolarRadiationWm2 = 256, EvapotranspirationMm = 0, PressureHpa = 1024.1, LocalTime = 11/27/2025 3:00:00 PM }",LEG.MeteoSwiss.Client.Forecast.ForecastPeriod,"11/27/2025 2:00:00 PM",3.3,78,-0.2,0,0,5.3,28,11.2,256,0,1024.1,"11/27/2025 3:00:00 PM"
"ForecastPeriod { Time = 11/27/2025 3:00:00 PM, TemperatureC = 2.9, RelativeHumidity = 79, DewPointC = -0.4, PrecipitationMm = 0, SnowfallCm = 0, WindSpeedKmh = 5.4, WindDirectionDeg = 37, WindGustsKmh = 11.5, SolarRadiationWm2 = 188, EvapotranspirationMm = 0, PressureHpa = 1024.2, LocalTime = 11/27/2025 4:00:00 PM }",LEG.MeteoSwiss.Client.Forecast.ForecastPeriod,"11/27/2025 3:00:00 PM",2.9,79,-0.4,0,0,5.4,37,11.5,188,0,1024.2,"11/27/2025 4:00:00 PM"
"ForecastPeriod { Time = 11/27/2025 4:00:00 PM, TemperatureC = 2.4, RelativeHumidity = 80, DewPointC = -0.7, PrecipitationMm = 0, SnowfallCm = 0, WindSpeedKmh = 4.8, WindDirectionDeg = 42, WindGustsKmh = 11.2, SolarRadiationWm2 = 97, EvapotranspirationMm = 0, PressureHpa = 1024.4, LocalTime = 11/27/2025 5:00:00 PM }",LEG.MeteoSwiss.Client.Forecast.ForecastPeriod,"11/27/2025 4:00:00 PM",2.4,80,-0.7,0,0,4.8,42,11.2,97,0,1024.4,"11/27/2025 5:00:00 PM"
"ForecastPeriod { Time = 11/27/2025 5:00:00 PM, TemperatureC = 1.8, RelativeHumidity = 82, DewPointC = -1, PrecipitationMm = 0, SnowfallCm = 0, WindSpeedKmh = 4.1, WindDirectionDeg = 38, WindGustsKmh = 9.7, SolarRadiationWm2 = 19, EvapotranspirationMm = 0, PressureHpa = 1024.6, LocalTime = 11/27/2025 6:00:00 PM }",LEG.MeteoSwiss.Client.Forecast.ForecastPeriod,"11/27/2025 5:00:00 PM",1.8,82,-1,0,0,4.1,38,9.7,19,0,1024.6,"11/27/2025 6:00:00 PM"
"ForecastPeriod { Time = 11/27/2025 6:00:00 PM, TemperatureC = 0.9, RelativeHumidity = 85, DewPointC = -1.3, PrecipitationMm = 0, SnowfallCm = 0, WindSpeedKmh = 3.4, WindDirectionDeg = 32, WindGustsKmh = 7.6, SolarRadiationWm2 = 0, EvapotranspirationMm = 0, PressureHpa = 1024.8, LocalTime = 11/27/2025 7:00:00 PM }",LEG.MeteoSwiss.Client.Forecast.ForecastPeriod,"11/27/2025 6:00:00 PM",0.9,85,-1.3,0,0,3.4,32,7.6,0,0,1024.8,"11/27/2025 7:00:00 PM"
"ForecastPeriod { Time = 11/27/2025 7:00:00 PM, TemperatureC = 0.2, RelativeHumidity = 88, DewPointC = -1.6, PrecipitationMm = 0, SnowfallCm = 0, WindSpeedKmh = 2.7, WindDirectionDeg = 23, WindGustsKmh = 6.1, SolarRadiationWm2 = 0, EvapotranspirationMm = 0, PressureHpa = 1025.1, LocalTime = 11/27/2025 8:00:00 PM }",LEG.MeteoSwiss.Client.Forecast.ForecastPeriod,"11/27/2025 7:00:00 PM",0.2,88,-1.6,0,0,2.7,23,6.1,0,0,1025.1,"11/27/2025 8:00:00 PM"
"ForecastPeriod { Time = 11/27/2025 8:00:00 PM, TemperatureC = -0.4, RelativeHumidity = 90, DewPointC = -1.9, PrecipitationMm = 0, SnowfallCm = 0, WindSpeedKmh = 2.3, WindDirectionDeg = 39, WindGustsKmh = 5.4, SolarRadiationWm2 = 0, EvapotranspirationMm = 0, PressureHpa = 1025.4, LocalTime = 11/27/2025 9:00:00 PM }",LEG.MeteoSwiss.Client.Forecast.ForecastPeriod,"11/27/2025 8:00:00 PM",-0.4,90,-1.9,0,0,2.3,39,5.4,0,0,1025.4,"11/27/2025 9:00:00 PM"
"ForecastPeriod { Time = 11/27/2025 9:00:00 PM, TemperatureC = -1, RelativeHumidity = 90, DewPointC = -2.4, PrecipitationMm = 0, SnowfallCm = 0, WindSpeedKmh = 2.3, WindDirectionDeg = 72, WindGustsKmh = 5.4, SolarRadiationWm2 = 0, EvapotranspirationMm = 0, PressureHpa = 1025.8, LocalTime = 11/27/2025 10:00:00 PM }",LEG.MeteoSwiss.Client.Forecast.ForecastPeriod,"11/27/2025 9:00:00 PM",-1,90,-2.4,0,0,2.3,72,5.4,0,0,1025.8,"11/27/2025 10:00:00 PM"
"ForecastPeriod { Time = 11/27/2025 10:00:00 PM, TemperatureC = -1.4, RelativeHumidity = 91, DewPointC = -2.7, PrecipitationMm = 0, SnowfallCm = 0, WindSpeedKmh = 2.9, WindDirectionDeg = 83, WindGustsKmh = 5, SolarRadiationWm2 = 0, EvapotranspirationMm = 0, PressureHpa = 1026, LocalTime = 11/27/2025 11:00:00 PM }",LEG.MeteoSwiss.Client.Forecast.ForecastPeriod,"11/27/2025 10:00:00 PM",-1.4,91,-2.7,0,0,2.9,83,5,0,0,1026,"11/27/2025 11:00:00 PM"
"ForecastPeriod { Time = 11/27/2025 11:00:00 PM, TemperatureC = -1.6, RelativeHumidity = 91, DewPointC = -2.9, PrecipitationMm = 0, SnowfallCm = 0, WindSpeedKmh = 3, WindDirectionDeg = 76, WindGustsKmh = 4.7, SolarRadiationWm2 = 0, EvapotranspirationMm = 0, PressureHpa = 1026, LocalTime = 11/28/2025 12:00:00 AM }",LEG.MeteoSwiss.Client.Forecast.ForecastPeriod,"11/27/2025 11:00:00 PM",-1.6,91,-2.9,0,0,3,76,4.7,0,0,1026,"11/28/2025 12:00:00 AM"
"ForecastPeriod { Time = 11/28/2025 12:00:00 AM, TemperatureC = -1.8, RelativeHumidity = 90, DewPointC = -3.2, PrecipitationMm = 0, SnowfallCm = 0, WindSpeedKmh = 2.9, WindDirectionDeg = 60, WindGustsKmh = 4.7, SolarRadiationWm2 = 0, EvapotranspirationMm = 0, PressureHpa = 1025.9, LocalTime = 11/28/2025 1:00:00 AM }",LEG.MeteoSwiss.Client.Forecast.ForecastPeriod,"11/28/2025 12:00:00 AM",-1.8,90,-3.2,0,0,2.9,60,4.7,0,0,1025.9,"11/28/2025 1:00:00 AM"
"ForecastPeriod { Time = 11/28/2025 1:00:00 AM, TemperatureC = -1.9, RelativeHumidity = 90, DewPointC = -3.4, PrecipitationMm = 0, SnowfallCm = 0, WindSpeedKmh = 3.1, WindDirectionDeg = 45, WindGustsKmh = 4.3, SolarRadiationWm2 = 0, EvapotranspirationMm = 0, PressureHpa = 1025.8, LocalTime = 11/28/2025 2:00:00 AM }",LEG.MeteoSwiss.Client.Forecast.ForecastPeriod,"11/28/2025 1:00:00 AM",-1.9,90,-3.4,0,0,3.1,45,4.3,0,0,1025.8,"11/28/2025 2:00:00 AM"
"ForecastPeriod { Time = 11/28/2025 2:00:00 AM, TemperatureC = -2.3, RelativeHumidity = 92, DewPointC = -3.4, PrecipitationMm = 0, SnowfallCm = 0, WindSpeedKmh = 3.1, WindDirectionDeg = 45, WindGustsKmh = 4, SolarRadiationWm2 = 0, EvapotranspirationMm = 0, PressureHpa = 1025.7, LocalTime = 11/28/2025 3:00:00 AM }",LEG.MeteoSwiss.Client.Forecast.ForecastPeriod,"11/28/2025 2:00:00 AM",-2.3,92,-3.4,0,0,3.1,45,4,0,0,1025.7,"11/28/2025 3:00:00 AM"
"ForecastPeriod { Time = 11/28/2025 3:00:00 AM, TemperatureC = -2.7, RelativeHumidity = 94, DewPointC = -3.5, PrecipitationMm = 0, SnowfallCm = 0, WindSpeedKmh = 3.1, WindDirectionDeg = 54, WindGustsKmh = 3.6, SolarRadiationWm2 = 0, EvapotranspirationMm = 0, PressureHpa = 1025.6, LocalTime = 11/28/2025 4:00:00 AM }",LEG.MeteoSwiss.Client.Forecast.ForecastPeriod,"11/28/2025 3:00:00 AM",-2.7,94,-3.5,0,0,3.1,54,3.6,0,0,1025.6,"11/28/2025 4:00:00 AM"
"ForecastPeriod { Time = 11/28/2025 4:00:00 AM, TemperatureC = -3.1, RelativeHumidity = 96, DewPointC = -3.6, PrecipitationMm = 0, SnowfallCm = 0, WindSpeedKmh = 2.9, WindDirectionDeg = 60, WindGustsKmh = 3.6, SolarRadiationWm2 = 0, EvapotranspirationMm = 0, PressureHpa = 1025.5, LocalTime = 11/28/2025 5:00:00 AM }",LEG.MeteoSwiss.Client.Forecast.ForecastPeriod,"11/28/2025 4:00:00 AM",-3.1,96,-3.6,0,0,2.9,60,3.6,0,0,1025.5,"11/28/2025 5:00:00 AM"
"ForecastPeriod { Time = 11/28/2025 5:00:00 AM, TemperatureC = -3.5, RelativeHumidity = 96, DewPointC = -4.1, PrecipitationMm = 0, SnowfallCm = 0, WindSpeedKmh = 2.9, WindDirectionDeg = 60, WindGustsKmh = 4, SolarRadiationWm2 = 0, EvapotranspirationMm = 0, PressureHpa = 1025.6, LocalTime = 11/28/2025 6:00:00 AM }",LEG.MeteoSwiss.Client.Forecast.ForecastPeriod,"11/28/2025 5:00:00 AM",-3.5,96,-4.1,0,0,2.9,60,4,0,0,1025.6,"11/28/2025 6:00:00 AM"
"ForecastPeriod { Time = 11/28/2025 6:00:00 AM, TemperatureC = -3.9, RelativeHumidity = 95, DewPointC = -4.6, PrecipitationMm = 0, SnowfallCm = 0, WindSpeedKmh = 2.9, WindDirectionDeg = 60, WindGustsKmh = 4.7, SolarRadiationWm2 = 0, EvapotranspirationMm = 0, PressureHpa = 1025.7, LocalTime = 11/28/2025 7:00:00 AM }",LEG.MeteoSwiss.Client.Forecast.ForecastPeriod,"11/28/2025 6:00:00 AM",-3.9,95,-4.6,0,0,2.9,60,4.7,0,0,1025.7,"11/28/2025 7:00:00 AM"
"ForecastPeriod { Time = 11/28/2025 7:00:00 AM, TemperatureC = -4.2, RelativeHumidity = 94, DewPointC = -5.1, PrecipitationMm = 0, SnowfallCm = 0, WindSpeedKmh = 2.9, WindDirectionDeg = 60, WindGustsKmh = 5.4, SolarRadiationWm2 = 0, EvapotranspirationMm = 0, PressureHpa = 1025.8, LocalTime = 11/28/2025 8:00:00 AM }",LEG.MeteoSwiss.Client.Forecast.ForecastPeriod,"11/28/2025 7:00:00 AM",-4.2,94,-5.1,0,0,2.9,60,5.4,0,0,1025.8,"11/28/2025 8:00:00 AM"
"ForecastPeriod { Time = 11/28/2025 8:00:00 AM, TemperatureC = -1.4, RelativeHumidity = 90, DewPointC = -2.9, PrecipitationMm = 0, SnowfallCm = 0, WindSpeedKmh = 3.3, WindDirectionDeg = 49, WindGustsKmh = 8.6, SolarRadiationWm2 = 0, EvapotranspirationMm = 0, PressureHpa = 1027, LocalTime = 11/28/2025 9:00:00 AM }",LEG.MeteoSwiss.Client.Forecast.ForecastPeriod,"11/28/2025 8:00:00 AM",-1.4,90,-2.9,0,0,3.3,49,8.6,0,0,1027,"11/28/2025 9:00:00 AM"
"ForecastPeriod { Time = 11/28/2025 9:00:00 AM, TemperatureC = -1.6, RelativeHumidity = 90, DewPointC = -3, PrecipitationMm = 0, SnowfallCm = 0, WindSpeedKmh = 3.2, WindDirectionDeg = 63, WindGustsKmh = 9, SolarRadiationWm2 = 32, EvapotranspirationMm = 0, PressureHpa = 1027, LocalTime = 11/28/2025 10:00:00 AM }",LEG.MeteoSwiss.Client.Forecast.ForecastPeriod,"11/28/2025 9:00:00 AM",-1.6,90,-3,0,0,3.2,63,9,32,0,1027,"11/28/2025 10:00:00 AM"
"ForecastPeriod { Time = 11/28/2025 10:00:00 AM, TemperatureC = -1.6, RelativeHumidity = 90, DewPointC = -3, PrecipitationMm = 0, SnowfallCm = 0, WindSpeedKmh = 3.4, WindDirectionDeg = 72, WindGustsKmh = 9.4, SolarRadiationWm2 = 81, EvapotranspirationMm = 0, PressureHpa = 1026.9, LocalTime = 11/28/2025 11:00:00 AM }",LEG.MeteoSwiss.Client.Forecast.ForecastPeriod,"11/28/2025 10:00:00 AM",-1.6,90,-3,0,0,3.4,72,9.4,81,0,1026.9,"11/28/2025 11:00:00 AM"
"ForecastPeriod { Time = 11/28/2025 11:00:00 AM, TemperatureC = -1.4, RelativeHumidity = 90, DewPointC = -2.9, PrecipitationMm = 0, SnowfallCm = 0, WindSpeedKmh = 3.5, WindDirectionDeg = 66, WindGustsKmh = 9.7, SolarRadiationWm2 = 130, EvapotranspirationMm = 0, PressureHpa = 1026.4, LocalTime = 11/28/2025 12:00:00 PM }",LEG.MeteoSwiss.Client.Forecast.ForecastPeriod,"11/28/2025 11:00:00 AM",-1.4,90,-2.9,0,0,3.5,66,9.7,130,0,1026.4,"11/28/2025 12:00:00 PM"
"ForecastPeriod { Time = 11/28/2025 12:00:00 PM, TemperatureC = -1.2, RelativeHumidity = 89, DewPointC = -2.8, PrecipitationMm = 0, SnowfallCm = 0, WindSpeedKmh = 3.8, WindDirectionDeg = 49, WindGustsKmh = 10.4, SolarRadiationWm2 = 177, EvapotranspirationMm = 0, PressureHpa = 1025.8, LocalTime = 11/28/2025 1:00:00 PM }",LEG.MeteoSwiss.Client.Forecast.ForecastPeriod,"11/28/2025 12:00:00 PM",-1.2,89,-2.8,0,0,3.8,49,10.4,177,0,1025.8,"11/28/2025 1:00:00 PM"
"ForecastPeriod { Time = 11/28/2025 1:00:00 PM, TemperatureC = -1, RelativeHumidity = 88, DewPointC = -2.7, PrecipitationMm = 0, SnowfallCm = 0, WindSpeedKmh = 3.8, WindDirectionDeg = 41, WindGustsKmh = 10.4, SolarRadiationWm2 = 200, EvapotranspirationMm = 0, PressureHpa = 1025.2, LocalTime = 11/28/2025 2:00:00 PM }",LEG.MeteoSwiss.Client.Forecast.ForecastPeriod,"11/28/2025 1:00:00 PM",-1,88,-2.7,0,0,3.8,41,10.4,200,0,1025.2,"11/28/2025 2:00:00 PM"
"ForecastPeriod { Time = 11/28/2025 2:00:00 PM, TemperatureC = -0.8, RelativeHumidity = 86, DewPointC = -2.9, PrecipitationMm = 0, SnowfallCm = 0, WindSpeedKmh = 3.6, WindDirectionDeg = 45, WindGustsKmh = 10.1, SolarRadiationWm2 = 191, EvapotranspirationMm = 0, PressureHpa = 1024.7, LocalTime = 11/28/2025 3:00:00 PM }",LEG.MeteoSwiss.Client.Forecast.ForecastPeriod,"11/28/2025 2:00:00 PM",-0.8,86,-2.9,0,0,3.6,45,10.1,191,0,1024.7,"11/28/2025 3:00:00 PM"
"ForecastPeriod { Time = 11/28/2025 3:00:00 PM, TemperatureC = -0.7, RelativeHumidity = 84, DewPointC = -3.1, PrecipitationMm = 0, SnowfallCm = 0, WindSpeedKmh = 2.8, WindDirectionDeg = 50, WindGustsKmh = 9.4, SolarRadiationWm2 = 151, EvapotranspirationMm = 0, PressureHpa = 1024.3, LocalTime = 11/28/2025 4:00:00 PM }",LEG.MeteoSwiss.Client.Forecast.ForecastPeriod,"11/28/2025 3:00:00 PM",-0.7,84,-3.1,0,0,2.8,50,9.4,151,0,1024.3,"11/28/2025 4:00:00 PM"
"ForecastPeriod { Time = 11/28/2025 4:00:00 PM, TemperatureC = -0.7, RelativeHumidity = 83, DewPointC = -3.3, PrecipitationMm = 0, SnowfallCm = 0, WindSpeedKmh = 2.4, WindDirectionDeg = 63, WindGustsKmh = 8.6, SolarRadiationWm2 = 82, EvapotranspirationMm = 0, PressureHpa = 1024.1, LocalTime = 11/28/2025 5:00:00 PM }",LEG.MeteoSwiss.Client.Forecast.ForecastPeriod,"11/28/2025 4:00:00 PM",-0.7,83,-3.3,0,0,2.4,63,8.6,82,0,1024.1,"11/28/2025 5:00:00 PM"
"ForecastPeriod { Time = 11/28/2025 5:00:00 PM, TemperatureC = -0.9, RelativeHumidity = 82, DewPointC = -3.6, PrecipitationMm = 0, SnowfallCm = 0, WindSpeedKmh = 2.1, WindDirectionDeg = 59, WindGustsKmh = 7.9, SolarRadiationWm2 = 16, EvapotranspirationMm = 0, PressureHpa = 1024.1, LocalTime = 11/28/2025 6:00:00 PM }",LEG.MeteoSwiss.Client.Forecast.ForecastPeriod,"11/28/2025 5:00:00 PM",-0.9,82,-3.6,0,0,2.1,59,7.9,16,0,1024.1,"11/28/2025 6:00:00 PM"
"ForecastPeriod { Time = 11/28/2025 6:00:00 PM, TemperatureC = -1.1, RelativeHumidity = 82, DewPointC = -3.8, PrecipitationMm = 0, SnowfallCm = 0, WindSpeedKmh = 2.3, WindDirectionDeg = 39, WindGustsKmh = 6.8, SolarRadiationWm2 = 0, EvapotranspirationMm = 0, PressureHpa = 1024.3, LocalTime = 11/28/2025 7:00:00 PM }",LEG.MeteoSwiss.Client.Forecast.ForecastPeriod,"11/28/2025 6:00:00 PM",-1.1,82,-3.8,0,0,2.3,39,6.8,0,0,1024.3,"11/28/2025 7:00:00 PM"
"ForecastPeriod { Time = 11/28/2025 7:00:00 PM, TemperatureC = -1.3, RelativeHumidity = 83, DewPointC = -3.8, PrecipitationMm = 0, SnowfallCm = 0, WindSpeedKmh = 2.1, WindDirectionDeg = 31, WindGustsKmh = 6.1, SolarRadiationWm2 = 0, EvapotranspirationMm = 0, PressureHpa = 1024.4, LocalTime = 11/28/2025 8:00:00 PM }",LEG.MeteoSwiss.Client.Forecast.ForecastPeriod,"11/28/2025 7:00:00 PM",-1.3,83,-3.8,0,0,2.1,31,6.1,0,0,1024.4,"11/28/2025 8:00:00 PM"
"ForecastPeriod { Time = 11/28/2025 8:00:00 PM, TemperatureC = -1.5, RelativeHumidity = 84, DewPointC = -3.8, PrecipitationMm = 0, SnowfallCm = 0, WindSpeedKmh = 1.8, WindDirectionDeg = 53, WindGustsKmh = 5.8, SolarRadiationWm2 = 0, EvapotranspirationMm = 0, PressureHpa = 1024.4, LocalTime = 11/28/2025 9:00:00 PM }",LEG.MeteoSwiss.Client.Forecast.ForecastPeriod,"11/28/2025 8:00:00 PM",-1.5,84,-3.8,0,0,1.8,53,5.8,0,0,1024.4,"11/28/2025 9:00:00 PM"
"ForecastPeriod { Time = 11/28/2025 9:00:00 PM, TemperatureC = -1.6, RelativeHumidity = 86, DewPointC = -3.7, PrecipitationMm = 0, SnowfallCm = 0, WindSpeedKmh = 1.8, WindDirectionDeg = 79, WindGustsKmh = 5.8, SolarRadiationWm2 = 0, EvapotranspirationMm = 0, PressureHpa = 1024.3, LocalTime = 11/28/2025 10:00:00 PM }",LEG.MeteoSwiss.Client.Forecast.ForecastPeriod,"11/28/2025 9:00:00 PM",-1.6,86,-3.7,0,0,1.8,79,5.8,0,0,1024.3,"11/28/2025 10:00:00 PM"
"ForecastPeriod { Time = 11/28/2025 10:00:00 PM, TemperatureC = -1.8, RelativeHumidity = 88, DewPointC = -3.5, PrecipitationMm = 0, SnowfallCm = 0, WindSpeedKmh = 2.2, WindDirectionDeg = 90, WindGustsKmh = 5.8, SolarRadiationWm2 = 0, EvapotranspirationMm = 0, PressureHpa = 1024.2, LocalTime = 11/28/2025 11:00:00 PM }",LEG.MeteoSwiss.Client.Forecast.ForecastPeriod,"11/28/2025 10:00:00 PM",-1.8,88,-3.5,0,0,2.2,90,5.8,0,0,1024.2,"11/28/2025 11:00:00 PM"
"ForecastPeriod { Time = 11/28/2025 11:00:00 PM, TemperatureC = -2.2, RelativeHumidity = 91, DewPointC = -3.4, PrecipitationMm = 0, SnowfallCm = 0, WindSpeedKmh = 2.2, WindDirectionDeg = 81, WindGustsKmh = 6.5, SolarRadiationWm2 = 0, EvapotranspirationMm = 0, PressureHpa = 1024, LocalTime = 11/29/2025 12:00:00 AM }",LEG.MeteoSwiss.Client.Forecast.ForecastPeriod,"11/28/2025 11:00:00 PM",-2.2,91,-3.4,0,0,2.2,81,6.5,0,0,1024,"11/29/2025 12:00:00 AM"
"ForecastPeriod { Time = 11/29/2025 12:00:00 AM, TemperatureC = -2.5, RelativeHumidity = 94, DewPointC = -3.4, PrecipitationMm = 0, SnowfallCm = 0, WindSpeedKmh = 2.6, WindDirectionDeg = 56, WindGustsKmh = 7.2, SolarRadiationWm2 = 0, EvapotranspirationMm = 0, PressureHpa = 1023.8, LocalTime = 11/29/2025 1:00:00 AM }",LEG.MeteoSwiss.Client.Forecast.ForecastPeriod,"11/29/2025 12:00:00 AM",-2.5,94,-3.4,0,0,2.6,56,7.2,0,0,1023.8,"11/29/2025 1:00:00 AM"
"ForecastPeriod { Time = 11/29/2025 1:00:00 AM, TemperatureC = -2.9, RelativeHumidity = 96, DewPointC = -3.4, PrecipitationMm = 0, SnowfallCm = 0, WindSpeedKmh = 2.8, WindDirectionDeg = 50, WindGustsKmh = 7.6, SolarRadiationWm2 = 0, EvapotranspirationMm = 0, PressureHpa = 1023.6, LocalTime = 11/29/2025 2:00:00 AM }",LEG.MeteoSwiss.Client.Forecast.ForecastPeriod,"11/29/2025 1:00:00 AM",-2.9,96,-3.4,0,0,2.8,50,7.6,0,0,1023.6,"11/29/2025 2:00:00 AM"
"ForecastPeriod { Time = 11/29/2025 2:00:00 AM, TemperatureC = -3.1, RelativeHumidity = 98, DewPointC = -3.4, PrecipitationMm = 0, SnowfallCm = 0, WindSpeedKmh = 2.1, WindDirectionDeg = 59, WindGustsKmh = 7.2, SolarRadiationWm2 = 0, EvapotranspirationMm = 0, PressureHpa = 1023.4, LocalTime = 11/29/2025 3:00:00 AM }",LEG.MeteoSwiss.Client.Forecast.ForecastPeriod,"11/29/2025 2:00:00 AM",-3.1,98,-3.4,0,0,2.1,59,7.2,0,0,1023.4,"11/29/2025 3:00:00 AM"
"ForecastPeriod { Time = 11/29/2025 3:00:00 AM, TemperatureC = -3.3, RelativeHumidity = 100, DewPointC = -3.3, PrecipitationMm = 0, SnowfallCm = 0, WindSpeedKmh = 1.8, WindDirectionDeg = 101, WindGustsKmh = 6.8, SolarRadiationWm2 = 0, EvapotranspirationMm = 0, PressureHpa = 1023.3, LocalTime = 11/29/2025 4:00:00 AM }",LEG.MeteoSwiss.Client.Forecast.ForecastPeriod,"11/29/2025 3:00:00 AM",-3.3,100,-3.3,0,0,1.8,101,6.8,0,0,1023.3,"11/29/2025 4:00:00 AM"
"ForecastPeriod { Time = 11/29/2025 4:00:00 AM, TemperatureC = -3.3, RelativeHumidity = 100, DewPointC = -3.3, PrecipitationMm = 0, SnowfallCm = 0, WindSpeedKmh = 1.8, WindDirectionDeg = 127, WindGustsKmh = 6.5, SolarRadiationWm2 = 0, EvapotranspirationMm = 0, PressureHpa = 1023.1, LocalTime = 11/29/2025 5:00:00 AM }",LEG.MeteoSwiss.Client.Forecast.ForecastPeriod,"11/29/2025 4:00:00 AM",-3.3,100,-3.3,0,0,1.8,127,6.5,0,0,1023.1,"11/29/2025 5:00:00 AM"
"ForecastPeriod { Time = 11/29/2025 5:00:00 AM, TemperatureC = -3.2, RelativeHumidity = 97, DewPointC = -3.6, PrecipitationMm = 0, SnowfallCm = 0, WindSpeedKmh = 1.6, WindDirectionDeg = 117, WindGustsKmh = 6.1, SolarRadiationWm2 = 0, EvapotranspirationMm = 0, PressureHpa = 1022.8, LocalTime = 11/29/2025 6:00:00 AM }",LEG.MeteoSwiss.Client.Forecast.ForecastPeriod,"11/29/2025 5:00:00 AM",-3.2,97,-3.6,0,0,1.6,117,6.1,0,0,1022.8,"11/29/2025 6:00:00 AM"
"ForecastPeriod { Time = 11/29/2025 6:00:00 AM, TemperatureC = -2.9, RelativeHumidity = 92, DewPointC = -4, PrecipitationMm = 0, SnowfallCm = 0, WindSpeedKmh = 1.1, WindDirectionDeg = 72, WindGustsKmh = 6.1, SolarRadiationWm2 = 0, EvapotranspirationMm = 0, PressureHpa = 1022.5, LocalTime = 11/29/2025 7:00:00 AM }",LEG.MeteoSwiss.Client.Forecast.ForecastPeriod,"11/29/2025 6:00:00 AM",-2.9,92,-4,0,0,1.1,72,6.1,0,0,1022.5,"11/29/2025 7:00:00 AM"
"ForecastPeriod { Time = 11/29/2025 7:00:00 AM, TemperatureC = -2.6, RelativeHumidity = 88, DewPointC = -4.3, PrecipitationMm = 0, SnowfallCm = 0, WindSpeedKmh = 1.8, WindDirectionDeg = 37, WindGustsKmh = 6.5, SolarRadiationWm2 = 0, EvapotranspirationMm = 0, PressureHpa = 1022.3, LocalTime = 11/29/2025 8:00:00 AM }",LEG.MeteoSwiss.Client.Forecast.ForecastPeriod,"11/29/2025 7:00:00 AM",-2.6,88,-4.3,0,0,1.8,37,6.5,0,0,1022.3,"11/29/2025 8:00:00 AM"
"ForecastPeriod { Time = 11/29/2025 8:00:00 AM, TemperatureC = -2.6, RelativeHumidity = 87, DewPointC = -4.4, PrecipitationMm = 0, SnowfallCm = 0, WindSpeedKmh = 2.4, WindDirectionDeg = 27, WindGustsKmh = 7.9, SolarRadiationWm2 = 0, EvapotranspirationMm = 0, PressureHpa = 1022.3, LocalTime = 11/29/2025 9:00:00 AM }",LEG.MeteoSwiss.Client.Forecast.ForecastPeriod,"11/29/2025 8:00:00 AM",-2.6,87,-4.4,0,0,2.4,27,7.9,0,0,1022.3,"11/29/2025 9:00:00 AM"
"ForecastPeriod { Time = 11/29/2025 9:00:00 AM, TemperatureC = -2.6, RelativeHumidity = 87, DewPointC = -4.4, PrecipitationMm = 0, SnowfallCm = 0, WindSpeedKmh = 3.2, WindDirectionDeg = 27, WindGustsKmh = 9.7, SolarRadiationWm2 = 50, EvapotranspirationMm = 0, PressureHpa = 1022.4, LocalTime = 11/29/2025 10:00:00 AM }",LEG.MeteoSwiss.Client.Forecast.ForecastPeriod,"11/29/2025 9:00:00 AM",-2.6,87,-4.4,0,0,3.2,27,9.7,50,0,1022.4,"11/29/2025 10:00:00 AM"
"ForecastPeriod { Time = 11/29/2025 10:00:00 AM, TemperatureC = -2.4, RelativeHumidity = 86, DewPointC = -4.4, PrecipitationMm = 0, SnowfallCm = 0, WindSpeedKmh = 3.5, WindDirectionDeg = 24, WindGustsKmh = 10.8, SolarRadiationWm2 = 129, EvapotranspirationMm = 0, PressureHpa = 1022.3, LocalTime = 11/29/2025 11:00:00 AM }",LEG.MeteoSwiss.Client.Forecast.ForecastPeriod,"11/29/2025 10:00:00 AM",-2.4,86,-4.4,0,0,3.5,24,10.8,129,0,1022.3,"11/29/2025 11:00:00 AM"
"ForecastPeriod { Time = 11/29/2025 11:00:00 AM, TemperatureC = -1.8, RelativeHumidity = 84, DewPointC = -4.1, PrecipitationMm = 0, SnowfallCm = 0, WindSpeedKmh = 3.4, WindDirectionDeg = 32, WindGustsKmh = 11.2, SolarRadiationWm2 = 199, EvapotranspirationMm = 0, PressureHpa = 1021.7, LocalTime = 11/29/2025 12:00:00 PM }",LEG.MeteoSwiss.Client.Forecast.ForecastPeriod,"11/29/2025 11:00:00 AM",-1.8,84,-4.1,0,0,3.4,32,11.2,199,0,1021.7,"11/29/2025 12:00:00 PM"
"ForecastPeriod { Time = 11/29/2025 12:00:00 PM, TemperatureC = -1, RelativeHumidity = 82, DewPointC = -3.7, PrecipitationMm = 0, SnowfallCm = 0, WindSpeedKmh = 3.1, WindDirectionDeg = 36, WindGustsKmh = 10.8, SolarRadiationWm2 = 257, EvapotranspirationMm = 0, PressureHpa = 1020.9, LocalTime = 11/29/2025 1:00:00 PM }",LEG.MeteoSwiss.Client.Forecast.ForecastPeriod,"11/29/2025 12:00:00 PM",-1,82,-3.7,0,0,3.1,36,10.8,257,0,1020.9,"11/29/2025 1:00:00 PM"
"ForecastPeriod { Time = 11/29/2025 1:00:00 PM, TemperatureC = -0.4, RelativeHumidity = 80, DewPointC = -3.4, PrecipitationMm = 0, SnowfallCm = 0, WindSpeedKmh = 2.8, WindDirectionDeg = 50, WindGustsKmh = 10.4, SolarRadiationWm2 = 281, EvapotranspirationMm = 0, PressureHpa = 1020.1, LocalTime = 11/29/2025 2:00:00 PM }",LEG.MeteoSwiss.Client.Forecast.ForecastPeriod,"11/29/2025 1:00:00 PM",-0.4,80,-3.4,0,0,2.8,50,10.4,281,0,1020.1,"11/29/2025 2:00:00 PM"
"ForecastPeriod { Time = 11/29/2025 2:00:00 PM, TemperatureC = -0, RelativeHumidity = 79, DewPointC = -3.2, PrecipitationMm = 0, SnowfallCm = 0, WindSpeedKmh = 2.6, WindDirectionDeg = 56, WindGustsKmh = 9.7, SolarRadiationWm2 = 265, EvapotranspirationMm = 0, PressureHpa = 1019.5, LocalTime = 11/29/2025 3:00:00 PM }",LEG.MeteoSwiss.Client.Forecast.ForecastPeriod,"11/29/2025 2:00:00 PM",-0,79,-3.2,0,0,2.6,56,9.7,265,0,1019.5,"11/29/2025 3:00:00 PM"
"ForecastPeriod { Time = 11/29/2025 3:00:00 PM, TemperatureC = 0.2, RelativeHumidity = 79, DewPointC = -3, PrecipitationMm = 0, SnowfallCm = 0, WindSpeedKmh = 2.7, WindDirectionDeg = 67, WindGustsKmh = 9, SolarRadiationWm2 = 208, EvapotranspirationMm = 0, PressureHpa = 1019, LocalTime = 11/29/2025 4:00:00 PM }",LEG.MeteoSwiss.Client.Forecast.ForecastPeriod,"11/29/2025 3:00:00 PM",0.2,79,-3,0,0,2.7,67,9,208,0,1019,"11/29/2025 4:00:00 PM"
"ForecastPeriod { Time = 11/29/2025 4:00:00 PM, TemperatureC = 0.2, RelativeHumidity = 80, DewPointC = -2.9, PrecipitationMm = 0, SnowfallCm = 0, WindSpeedKmh = 2.7, WindDirectionDeg = 67, WindGustsKmh = 8.6, SolarRadiationWm2 = 112, EvapotranspirationMm = 0, PressureHpa = 1018.6, LocalTime = 11/29/2025 5:00:00 PM }",LEG.MeteoSwiss.Client.Forecast.ForecastPeriod,"11/29/2025 4:00:00 PM",0.2,80,-2.9,0,0,2.7,67,8.6,112,0,1018.6,"11/29/2025 5:00:00 PM"
"ForecastPeriod { Time = 11/29/2025 5:00:00 PM, TemperatureC = -0.1, RelativeHumidity = 81, DewPointC = -3, PrecipitationMm = 0, SnowfallCm = 0, WindSpeedKmh = 2.9, WindDirectionDeg = 60, WindGustsKmh = 8.6, SolarRadiationWm2 = 20, EvapotranspirationMm = 0, PressureHpa = 1018.2, LocalTime = 11/29/2025 6:00:00 PM }",LEG.MeteoSwiss.Client.Forecast.ForecastPeriod,"11/29/2025 5:00:00 PM",-0.1,81,-3,0,0,2.9,60,8.6,20,0,1018.2,"11/29/2025 6:00:00 PM"
"ForecastPeriod { Time = 11/29/2025 6:00:00 PM, TemperatureC = -0.7, RelativeHumidity = 83, DewPointC = -3.2, PrecipitationMm = 0, SnowfallCm = 0, WindSpeedKmh = 2.8, WindDirectionDeg = 50, WindGustsKmh = 8.6, SolarRadiationWm2 = 0, EvapotranspirationMm = 0, PressureHpa = 1017.9, LocalTime = 11/29/2025 7:00:00 PM }",LEG.MeteoSwiss.Client.Forecast.ForecastPeriod,"11/29/2025 6:00:00 PM",-0.7,83,-3.2,0,0,2.8,50,8.6,0,0,1017.9,"11/29/2025 7:00:00 PM"
"ForecastPeriod { Time = 11/29/2025 7:00:00 PM, TemperatureC = -1.2, RelativeHumidity = 85, DewPointC = -3.4, PrecipitationMm = 0, SnowfallCm = 0, WindSpeedKmh = 3.1, WindDirectionDeg = 45, WindGustsKmh = 8.6, SolarRadiationWm2 = 0, EvapotranspirationMm = 0, PressureHpa = 1017.7, LocalTime = 11/29/2025 8:00:00 PM }",LEG.MeteoSwiss.Client.Forecast.ForecastPeriod,"11/29/2025 7:00:00 PM",-1.2,85,-3.4,0,0,3.1,45,8.6,0,0,1017.7,"11/29/2025 8:00:00 PM"
"ForecastPeriod { Time = 11/29/2025 8:00:00 PM, TemperatureC = -1.6, RelativeHumidity = 86, DewPointC = -3.7, PrecipitationMm = 0, SnowfallCm = 0, WindSpeedKmh = 2.8, WindDirectionDeg = 50, WindGustsKmh = 7.9, SolarRadiationWm2 = 0, EvapotranspirationMm = 0, PressureHpa = 1017.6, LocalTime = 11/29/2025 9:00:00 PM }",LEG.MeteoSwiss.Client.Forecast.ForecastPeriod,"11/29/2025 8:00:00 PM",-1.6,86,-3.7,0,0,2.8,50,7.9,0,0,1017.6,"11/29/2025 9:00:00 PM"
"ForecastPeriod { Time = 11/29/2025 9:00:00 PM, TemperatureC = -2, RelativeHumidity = 88, DewPointC = -3.7, PrecipitationMm = 0, SnowfallCm = 0, WindSpeedKmh = 2.6, WindDirectionDeg = 56, WindGustsKmh = 6.8, SolarRadiationWm2 = 0, EvapotranspirationMm = 0, PressureHpa = 1017.5, LocalTime = 11/29/2025 10:00:00 PM }",LEG.MeteoSwiss.Client.Forecast.ForecastPeriod,"11/29/2025 9:00:00 PM",-2,88,-3.7,0,0,2.6,56,6.8,0,0,1017.5,"11/29/2025 10:00:00 PM"
"ForecastPeriod { Time = 11/29/2025 10:00:00 PM, TemperatureC = -2.3, RelativeHumidity = 89, DewPointC = -3.8, PrecipitationMm = 0, SnowfallCm = 0, WindSpeedKmh = 2.3, WindDirectionDeg = 72, WindGustsKmh = 5.8, SolarRadiationWm2 = 0, EvapotranspirationMm = 0, PressureHpa = 1017.4, LocalTime = 11/29/2025 11:00:00 PM }",LEG.MeteoSwiss.Client.Forecast.ForecastPeriod,"11/29/2025 10:00:00 PM",-2.3,89,-3.8,0,0,2.3,72,5.8,0,0,1017.4,"11/29/2025 11:00:00 PM"
"ForecastPeriod { Time = 11/29/2025 11:00:00 PM, TemperatureC = -2.4, RelativeHumidity = 91, DewPointC = -3.6, PrecipitationMm = 0, SnowfallCm = 0, WindSpeedKmh = 1.8, WindDirectionDeg = 79, WindGustsKmh = 4.7, SolarRadiationWm2 = 0, EvapotranspirationMm = 0, PressureHpa = 1017.1, LocalTime = 11/30/2025 12:00:00 AM }",LEG.MeteoSwiss.Client.Forecast.ForecastPeriod,"11/29/2025 11:00:00 PM",-2.4,91,-3.6,0,0,1.8,79,4.7,0,0,1017.1,"11/30/2025 12:00:00 AM"
